Order_ID,Customer_ID,Product_ID,Quantity,Order_Date,Order_Time,Delivery_Date,Delivery_Time,Location,Occasion
5,C078,58,2,2023-02-11,19:44:48,2023-02-18,11:08:52,Rajkot,Valentine's Day
56,C095,58,5,2023-02-08,12:11:48,2023-02-13,18:51:59,Danapur,Valentine's Day
37,C096,19,5,2023-02-10,11:01:04,2023-02-15,21:19:36,Katni,Valentine's Day
20,C011,52,1,2023-02-11,14:36:57,2023-02-14,01:34:16,Madurai,Valentine's Day
43,C046,49,3,2023-02-12,22:31:16,2023-02-16,02:47:47,Sambalpur,Valentine's Day
78,C062,11,2,2023-02-04,13:00:09,2023-02-08,20:31:15,Pallavaram,Valentine's Day
87,C055,2,5,2023-02-04,13:17:21,2023-02-11,23:06:36,Malda,Valentine's Day
89,C060,3,5,2023-02-12,22:56:52,2023-02-13,14:41:41,Aurangabad,Valentine's Day
121,C048,33,3,2023-02-05,02:18:55,2023-02-09,07:29:31,Guntur,Valentine's Day
126,C040,19,5,2023-02-04,02:28:24,2023-02-13,13:16:38,Dharmavaram,Valentine's Day
131,C078,3,5,2023-02-04,20:30:50,2023-02-11,08:29:03,Satara,Valentine's Day
132,C045,49,4,2023-02-04,23:23:41,2023-02-13,19:55:48,Thoothukudi,Valentine's Day
146,C030,52,5,2023-02-13,18:23:55,2023-02-16,04:07:37,Vijayawada,Valentine's Day
161,C054,58,3,2023-02-13,03:08:06,2023-02-14,23:12:01,Karaikudi,Valentine's Day
169,C051,3,2,2023-02-06,10:28:57,2023-02-16,01:26:19,Shivpuri,Valentine's Day
173,C072,58,2,2023-02-07,23:15:37,2023-02-13,01:51:53,Deoghar,Valentine's Day
182,C070,2,1,2023-02-08,23:21:30,2023-02-15,06:07:33,Chennai,Valentine's Day
184,C027,52,3,2023-02-11,21:34:53,2023-02-20,05:00:29,Dharmavaram,Valentine's Day
187,C008,49,5,2023-02-11,21:10:41,2023-02-16,09:34:09,Anantapur,Valentine's Day
194,C030,58,4,2023-02-08,11:41:29,2023-02-09,04:54:30,Pondicherry,Valentine's Day
206,C099,68,3,2023-02-11,22:12:16,2023-02-13,12:42:01,Ulhasnagar,Valentine's Day
223,C051,49,2,2023-02-05,08:44:25,2023-02-13,10:17:59,Bhalswa Jahangir Pur,Valentine's Day
225,C093,52,5,2023-02-05,12:12:26,2023-02-06,18:01:06,Arrah,Valentine's Day
229,C079,49,3,2023-02-11,20:55:38,2023-02-20,09:32:50,Junagadh,Valentine's Day
243,C043,3,1,2023-02-05,20:50:37,2023-02-10,12:30:54,Siwan,Valentine's Day
248,C044,19,5,2023-02-08,08:43:41,2023-02-10,04:15:01,Alwar,Valentine's Day
253,C010,68,2,2023-02-12,14:24:46,2023-02-14,05:39:27,Bangalore,Valentine's Day
262,C038,49,3,2023-02-07,08:05:16,2023-02-11,01:06:57,Tirunelveli,Valentine's Day
264,C010,52,3,2023-02-09,05:35:19,2023-02-18,15:43:46,Asansol,Valentine's Day
265,C060,58,1,2023-02-10,21:17:18,2023-02-18,06:28:33,Gudivada,Valentine's Day
280,C003,19,3,2023-02-07,17:44:47,2023-02-12,16:31:05,Mangalore,Valentine's Day
291,C072,49,2,2023-02-10,00:12:40,2023-02-11,22:52:51,Nadiad,Valentine's Day
298,C057,3,1,2023-02-11,23:06:29,2023-02-12,02:17:43,Bahraich,Valentine's Day
306,C085,49,4,2023-02-04,11:35:51,2023-02-12,06:38:00,Bellary,Valentine's Day
307,C042,3,1,2023-02-04,21:37:54,2023-02-08,11:28:10,Durgapur,Valentine's Day
316,C048,2,5,2023-02-11,21:35:05,2023-02-15,07:21:50,Muzaffarnagar,Valentine's Day
350,C020,19,3,2023-02-13,12:22:57,2023-02-22,16:26:10,Kolkata,Valentine's Day
366,C033,3,3,2023-02-08,23:15:47,2023-02-16,10:51:38,Kolkata,Valentine's Day
399,C008,68,1,2023-02-08,06:21:47,2023-02-15,07:08:14,Bareilly,Valentine's Day
405,C033,49,1,2023-02-10,23:05:14,2023-02-18,14:47:38,Guwahati,Valentine's Day
416,C006,58,5,2023-02-12,16:41:02,2023-02-17,09:37:01,Saharanpur,Valentine's Day
423,C067,19,1,2023-02-11,16:46:58,2023-02-17,00:10:05,Alappuzha,Valentine's Day
426,C073,2,2,2023-02-13,22:59:54,2023-02-17,13:51:00,Kharagpur,Valentine's Day
442,C023,3,3,2023-02-08,18:03:20,2023-02-15,08:05:39,Khandwa,Valentine's Day
443,C046,49,3,2023-02-04,22:22:19,2023-02-13,02:16:00,Secunderabad,Valentine's Day
446,C079,33,5,2023-02-12,02:54:04,2023-02-15,11:03:28,Bokaro,Valentine's Day
449,C045,49,4,2023-02-13,03:18:26,2023-02-16,10:09:41,Ichalkaranji,Valentine's Day
451,C079,33,5,2023-02-07,00:16:52,2023-02-13,21:10:57,Ujjain,Valentine's Day
454,C088,3,2,2023-02-07,23:26:49,2023-02-09,01:21:56,Suryapet,Valentine's Day
456,C071,33,2,2023-02-12,22:51:39,2023-02-15,22:14:06,Nangloi Jat,Valentine's Day
477,C099,33,4,2023-02-12,17:18:09,2023-02-14,03:11:52,Gangtok,Valentine's Day
478,C003,11,5,2023-02-08,01:11:21,2023-02-09,09:50:19,Ambarnath,Valentine's Day
479,C071,11,1,2023-02-07,17:48:21,2023-02-11,10:48:13,Ghaziabad,Valentine's Day
490,C075,2,1,2023-02-12,12:28:03,2023-02-14,12:27:19,Eluru,Valentine's Day
492,C047,33,2,2023-02-04,13:54:25,2023-02-13,12:04:33,Salem,Valentine's Day
493,C035,11,1,2023-02-05,22:11:24,2023-02-06,15:43:11,Gopalpur,Valentine's Day
496,C021,11,4,2023-02-09,14:31:57,2023-02-16,13:05:41,Sambhal,Valentine's Day
498,C100,19,4,2023-02-13,21:34:44,2023-02-20,21:14:24,Bhusawal,Valentine's Day
519,C014,52,4,2023-02-07,23:10:38,2023-02-15,06:40:20,Hindupur,Valentine's Day
521,C062,33,5,2023-02-04,21:00:17,2023-02-08,02:28:38,Noida,Valentine's Day
527,C036,33,3,2023-02-11,12:51:40,2023-02-19,15:58:07,Bardhaman,Valentine's Day
561,C099,49,5,2023-02-12,12:24:35,2023-02-21,17:23:34,Ghaziabad,Valentine's Day
563,C077,58,5,2023-02-11,11:43:18,2023-02-19,05:04:29,Jorhat,Valentine's Day
573,C040,3,5,2023-02-08,02:52:06,2023-02-14,02:57:06,Thane,Valentine's Day
575,C076,49,2,2023-02-06,13:24:32,2023-02-09,14:55:08,Kota,Valentine's Day
582,C019,3,4,2023-02-04,18:30:31,2023-02-05,19:16:41,Latur,Valentine's Day
588,C056,49,5,2023-02-04,06:37:00,2023-02-05,21:21:57,Kishanganj,Valentine's Day
593,C016,58,3,2023-02-05,17:30:40,2023-02-12,09:34:03,Bhilai,Valentine's Day
606,C047,3,5,2023-02-08,02:13:13,2023-02-17,07:31:32,Sambalpur,Valentine's Day
628,C061,11,5,2023-02-10,21:50:27,2023-02-13,21:07:46,Ongole,Valentine's Day
633,C031,52,5,2023-02-10,14:44:42,2023-02-15,05:12:46,Surat,Valentine's Day
651,C017,11,4,2023-02-13,02:16:28,2023-02-19,11:55:54,Panihati,Valentine's Day
656,C032,68,2,2023-02-05,18:34:41,2023-02-06,04:46:00,Dehri,Valentine's Day
659,C048,19,5,2023-02-05,17:44:56,2023-02-12,22:37:43,Silchar,Valentine's Day
660,C053,58,3,2023-02-11,06:08:46,2023-02-21,20:48:35,Amravati,Valentine's Day
669,C035,68,5,2023-02-10,07:11:50,2023-02-17,09:56:42,Ludhiana,Valentine's Day
673,C008,33,3,2023-02-04,05:54:49,2023-02-07,04:25:38,Gaya,Valentine's Day
674,C065,68,2,2023-02-07,09:41:25,2023-02-16,23:40:25,Chennai,Valentine's Day
711,C093,68,3,2023-02-04,17:15:28,2023-02-06,14:50:53,Tiruppur,Valentine's Day
718,C028,49,1,2023-02-09,05:13:35,2023-02-13,06:22:05,Jabalpur,Valentine's Day
721,C022,3,5,2023-02-07,03:28:21,2023-02-17,18:28:02,Vasai-Virar,Valentine's Day
728,C073,52,2,2023-02-08,13:45:46,2023-02-11,16:07:16,Panchkula,Valentine's Day
734,C008,49,3,2023-02-11,11:44:37,2023-02-14,09:06:06,Morena,Valentine's Day
750,C022,19,3,2023-02-08,09:22:41,2023-02-14,22:24:42,Chapra,Valentine's Day
752,C034,3,5,2023-02-10,11:38:01,2023-02-12,10:35:58,Bally,Valentine's Day
757,C001,2,3,2023-02-12,10:23:53,2023-02-20,04:40:28,Shivpuri,Valentine's Day
779,C052,3,1,2023-02-06,06:26:37,2023-02-08,02:51:51,Durgapur,Valentine's Day
780,C070,33,2,2023-02-10,11:30:51,2023-02-13,04:28:25,Bikaner,Valentine's Day
789,C048,58,4,2023-02-08,18:19:36,2023-02-15,08:00:31,Bally,Valentine's Day
793,C095,58,5,2023-02-05,17:37:16,2023-02-15,01:28:17,Mirzapur,Valentine's Day
804,C009,3,3,2023-02-05,05:37:18,2023-02-07,01:58:08,Deoghar,Valentine's Day
838,C003,19,3,2023-02-09,10:18:01,2023-02-17,06:09:40,Sirsa,Valentine's Day
843,C007,68,1,2023-02-11,21:46:03,2023-02-12,19:27:09,Bikaner,Valentine's Day
864,C033,11,1,2023-02-11,19:34:22,2023-02-15,08:05:38,Lucknow,Valentine's Day
865,C032,19,1,2023-02-12,18:09:14,2023-02-13,06:38:00,Kumbakonam,Valentine's Day
869,C032,3,5,2023-02-06,10:03:19,2023-02-11,23:16:28,Hazaribagh,Valentine's Day
874,C010,68,1,2023-02-11,12:42:30,2023-02-21,17:35:44,Ramagundam,Valentine's Day
879,C092,33,2,2023-02-07,05:34:34,2023-02-10,11:27:38,Kishanganj,Valentine's Day
891,C027,58,2,2023-02-08,14:56:43,2023-02-16,23:54:45,Shivpuri,Valentine's Day
892,C025,11,4,2023-02-06,18:33:04,2023-02-07,01:26:54,Thrissur,Valentine's Day
898,C018,52,1,2023-02-09,06:18:52,2023-02-13,23:13:42,Kadapa,Valentine's Day
904,C013,2,4,2023-02-12,22:05:48,2023-02-17,01:05:37,Mira-Bhayandar,Valentine's Day
905,C080,58,1,2023-02-10,19:31:35,2023-02-16,08:32:14,Ichalkaranji,Valentine's Day
906,C100,49,3,2023-02-06,01:16:20,2023-02-16,09:14:48,Jalandhar,Valentine's Day
914,C048,33,4,2023-02-09,14:52:18,2023-02-14,09:47:20,Sambhal,Valentine's Day
916,C063,33,2,2023-02-06,04:23:09,2023-02-14,21:19:24,Darbhanga,Valentine's Day
918,C083,19,2,2023-02-12,18:13:06,2023-02-21,22:02:06,Pali,Valentine's Day
952,C027,49,4,2023-02-12,02:48:07,2023-02-22,09:19:09,Bidar,Valentine's Day
967,C041,68,4,2023-02-12,00:21:23,2023-02-20,18:29:48,Siliguri,Valentine's Day
989,C017,52,3,2023-02-06,08:11:27,2023-02-15,02:00:04,Bidhannagar,Valentine's Day
994,C004,68,2,2023-02-13,22:44:36,2023-02-21,06:45:30,Chandigarh,Valentine's Day
997,C098,19,2,2023-02-04,04:28:27,2023-02-10,11:50:24,Vasai-Virar,Valentine's Day
999,C054,52,2,2023-02-06,22:40:49,2023-02-10,12:29:21,Miryalaguda,Valentine's Day
1,C037,67,5,2023-02-24,23:48:13,2023-03-05,07:27:10,Bardhaman,Anniversary
55,C040,5,1,2023-02-08,08:01:07,2023-02-13,07:42:58,Kottayam,All Occasions
31,C029,7,5,2023-02-28,13:13:22,2023-03-03,23:35:49,Nandyal,Holi
47,C013,7,5,2023-02-26,13:04:28,2023-02-28,06:00:20,Jaipur,Holi
10,C099,56,3,2023-02-26,00:17:26,2023-03-08,20:47:43,Ambala,Anniversary
13,C024,20,3,2023-02-24,16:47:16,2023-03-04,02:27:37,Gandhidham,Anniversary
16,C013,20,3,2023-02-16,15:06:11,2023-02-20,22:14:21,Khammam,Anniversary
21,C090,32,1,2023-02-09,11:20:52,2023-02-12,11:36:26,Bathinda,Birthday
42,C080,35,1,2023-02-26,00:08:38,2023-03-07,17:18:28,Faridabad,Holi
57,C090,35,5,2023-02-26,08:00:15,2023-03-06,12:27:32,Ahmedabad,Holi
66,C017,35,5,2023-02-26,21:00:44,2023-02-27,06:25:58,Munger,Holi
81,C053,1,5,2023-02-22,18:29:21,2023-03-03,07:09:32,Kalyan-Dombivli,All Occasions
91,C061,6,2,2023-02-27,13:52:56,2023-03-05,13:23:25,Mahbubnagar,Holi
103,C097,18,3,2023-02-01,12:24:59,2023-02-08,22:51:39,Ichalkaranji,Birthday
105,C063,36,2,2023-02-11,02:57:36,2023-02-21,01:34:10,Guna,Birthday
108,C012,26,4,2023-02-27,09:03:26,2023-03-05,08:03:05,Berhampore,Holi
109,C074,50,5,2023-02-27,15:35:48,2023-03-01,08:38:56,Gandhidham,Holi
114,C009,40,4,2023-02-03,16:03:15,2023-02-07,02:22:48,Kirari Suleman Nagar,Anniversary
118,C035,62,1,2023-02-27,14:30:59,2023-03-05,10:32:52,Bhavnagar,Holi
129,C051,67,2,2023-02-17,05:21:30,2023-02-20,08:17:32,Ramgarh,Anniversary
141,C062,35,4,2023-02-28,03:55:06,2023-03-10,02:31:56,Allahabad,Holi
143,C087,66,2,2023-02-28,07:37:18,2023-03-10,14:49:54,Ramagundam,Holi
152,C084,51,2,2023-02-27,10:48:51,2023-03-05,16:39:22,Tiruppur,All Occasions
156,C030,61,2,2023-02-09,08:20:50,2023-02-12,10:49:14,Ozhukarai,Anniversary
157,C019,35,3,2023-02-26,12:44:17,2023-03-06,11:35:44,Thiruvananthapuram,Holi
163,C083,54,4,2023-02-17,19:50:10,2023-02-25,10:20:16,Ujjain,Anniversary
179,C078,47,3,2023-02-28,15:16:02,2023-03-10,14:31:07,Vijayanagaram,Holi
212,C093,7,2,2023-02-28,07:14:40,2023-03-05,20:01:45,Ozhukarai,Holi
213,C022,42,5,2023-02-14,08:26:18,2023-02-24,08:58:11,Dehradun,All Occasions
222,C099,6,5,2023-02-26,05:57:25,2023-03-07,18:20:50,Guntur,Holi
235,C071,56,2,2023-02-26,14:26:46,2023-03-03,23:26:23,Bhilai,Anniversary
246,C017,69,5,2023-02-28,23:24:33,2023-03-08,00:38:49,Agra,Holi
251,C051,7,4,2023-02-28,00:31:48,2023-03-02,00:19:44,Khora,Holi
252,C040,69,2,2023-02-26,05:41:28,2023-02-28,08:11:16,Nandyal,Holi
285,C082,7,5,2023-02-26,17:26:44,2023-03-01,12:52:20,Tirunelveli,Holi
297,C047,13,3,2023-02-28,20:15:29,2023-03-05,20:52:27,Phagwara,Holi
301,C070,6,3,2023-02-27,06:24:22,2023-03-04,16:52:16,Kota,Holi
323,C013,23,2,2023-02-09,18:13:04,2023-02-10,10:22:35,Khora,Anniversary
324,C073,14,2,2023-02-02,18:47:28,2023-02-11,15:34:54,North Dumdum,Birthday
333,C100,22,5,2023-02-09,06:19:15,2023-02-10,03:46:29,South Dumdum,All Occasions
354,C087,13,5,2023-02-26,17:25:28,2023-03-06,09:43:32,Narasaraopet,Holi
359,C052,47,2,2023-02-28,12:13:36,2023-03-05,20:31:30,Nagpur,Holi
375,C091,46,1,2023-02-11,04:16:25,2023-02-20,19:37:38,Mysore,Anniversary
407,C074,69,3,2023-02-26,08:52:11,2023-02-28,04:09:44,Jamalpur,Holi
409,C049,50,4,2023-02-26,17:43:59,2023-02-28,19:44:57,Khammam,Holi
414,C034,7,4,2023-02-28,21:18:11,2023-03-07,01:07:31,Raurkela Industrial Township,Holi
420,C039,6,3,2023-02-27,08:36:20,2023-02-28,00:07:29,Kota,Holi
433,C068,7,5,2023-02-26,23:33:51,2023-03-02,04:19:56,Amravati,Holi
441,C052,26,2,2023-02-26,11:23:56,2023-03-06,16:38:50,Kurnool,Holi
447,C032,47,4,2023-02-27,02:45:34,2023-03-04,15:04:56,Bhilwara,Holi
470,C031,47,5,2023-02-28,17:34:04,2023-03-06,15:29:29,Bhavnagar,Holi
474,C051,1,4,2023-02-07,06:31:59,2023-02-14,02:00:07,Dibrugarh,All Occasions
494,C082,7,4,2023-02-28,03:11:22,2023-03-08,19:06:48,Rewa,Holi
508,C035,69,1,2023-02-26,17:29:28,2023-03-04,07:11:06,Varanasi,Holi
511,C055,47,2,2023-02-27,12:58:05,2023-03-04,00:46:11,Dibrugarh,Holi
522,C011,50,3,2023-02-27,21:04:28,2023-03-08,01:34:50,Avadi,Holi
543,C023,51,4,2023-02-12,21:51:10,2023-02-17,11:53:09,Saharanpur,All Occasions
546,C064,25,3,2023-02-02,22:04:53,2023-02-11,10:00:07,Motihari,Anniversary
548,C012,25,2,2023-02-21,12:32:50,2023-02-22,19:47:44,Gorakhpur,Anniversary
550,C023,29,5,2023-02-27,19:28:12,2023-03-05,17:03:39,Bettiah,Holi
554,C045,29,4,2023-02-28,20:25:07,2023-03-03,16:49:01,Sangli-Miraj & Kupwad,Holi
570,C056,69,3,2023-02-28,11:25:04,2023-03-09,00:53:55,Satna,Holi
571,C046,6,1,2023-02-28,09:38:25,2023-03-09,04:26:01,Bhatpara,Holi
617,C083,22,1,2023-02-19,02:53:42,2023-02-28,17:01:34,Uluberia,All Occasions
625,C089,63,5,2023-02-23,21:15:42,2023-03-04,02:46:06,Belgaum,All Occasions
627,C024,51,4,2023-02-05,04:30:25,2023-02-08,23:38:12,Sirsa,All Occasions
630,C071,67,3,2023-02-21,21:37:47,2023-03-01,18:53:08,Karimnagar,Anniversary
643,C063,35,2,2023-02-26,13:10:24,2023-03-06,20:24:10,Malda,Holi
645,C033,50,3,2023-02-27,01:46:39,2023-02-28,02:07:11,Danapur,Holi
650,C077,32,3,2023-02-23,01:54:43,2023-03-02,03:09:36,Guwahati,Birthday
662,C068,20,3,2023-02-09,18:29:52,2023-02-18,08:27:53,Hazaribagh,Anniversary
675,C052,13,4,2023-02-28,08:04:46,2023-03-09,23:52:12,Pali,Holi
676,C038,46,4,2023-02-18,12:42:24,2023-02-20,20:52:32,Kanpur,Anniversary
682,C054,50,5,2023-02-26,07:31:16,2023-03-05,11:32:33,Hyderabad,Holi
707,C036,70,4,2023-02-03,06:17:26,2023-02-12,01:04:19,Tirunelveli,Birthday
723,C045,14,3,2023-02-04,18:00:57,2023-02-05,00:57:28,Mau,Birthday
729,C030,17,1,2023-02-23,18:19:53,2023-02-25,11:51:19,Kollam,Anniversary
735,C037,56,1,2023-02-02,07:22:26,2023-02-04,05:57:58,Nandyal,Anniversary
755,C037,6,5,2023-02-27,16:33:26,2023-03-06,02:16:52,Aurangabad,Holi
762,C064,50,1,2023-02-26,10:11:19,2023-03-01,03:56:20,Bangalore,Holi
775,C077,45,1,2023-02-19,03:48:10,2023-02-24,23:31:47,Anand,Birthday
777,C016,70,3,2023-02-24,15:33:57,2023-02-27,11:29:39,Bhusawal,Birthday
785,C052,47,5,2023-02-26,17:41:34,2023-03-01,13:09:23,Jodhpur,Holi
790,C046,26,2,2023-02-28,06:03:29,2023-03-08,04:20:38,Chennai,Holi
806,C088,29,2,2023-02-28,13:01:22,2023-03-08,06:38:58,Jhansi,Holi
816,C042,35,3,2023-02-28,19:44:25,2023-03-10,13:41:37,Ujjain,Holi
821,C050,32,4,2023-02-27,20:15:31,2023-03-07,22:46:00,Bareilly,Birthday
832,C026,65,4,2023-02-01,18:56:24,2023-02-10,02:19:29,Etawah,All Occasions
854,C016,62,3,2023-02-27,02:00:33,2023-03-02,02:51:29,Bhind,Holi
857,C053,63,1,2023-02-09,09:22:18,2023-02-18,14:00:44,Bareilly,All Occasions
861,C030,32,1,2023-02-09,08:19:31,2023-02-14,02:37:34,Bidar,Birthday
919,C038,35,5,2023-02-28,08:27:53,2023-03-04,00:05:29,Delhi,Holi
923,C034,7,4,2023-02-27,14:37:32,2023-02-28,22:01:37,Ahmedabad,Holi
943,C026,22,4,2023-02-19,14:27:09,2023-02-22,19:05:59,Narasaraopet,All Occasions
949,C020,6,4,2023-02-27,20:55:01,2023-03-06,09:35:17,Begusarai,Holi
961,C016,1,5,2023-02-01,06:49:28,2023-02-10,20:54:38,Gulbarga,All Occasions
973,C031,66,3,2023-02-26,10:35:55,2023-03-07,03:46:24,Barasat,Holi
978,C019,29,4,2023-02-28,08:59:15,2023-03-09,06:31:07,Barasat,Holi
982,C019,47,4,2023-02-28,18:56:23,2023-03-04,03:11:23,Srinagar,Holi
991,C054,36,5,2023-02-09,15:01:12,2023-02-15,17:16:56,Barasat,Birthday
51,C036,10,1,2023-03-15,09:23:49,2023-03-19,16:46:40,Agartala,Birthday
96,C099,25,3,2023-03-14,15:00:21,2023-03-23,08:56:06,Latur,Anniversary
125,C020,31,2,2023-03-19,09:12:11,2023-03-25,14:36:11,Kolkata,All Occasions
128,C065,12,3,2023-03-06,16:50:28,2023-03-13,15:11:19,Kochi,Anniversary
138,C022,57,4,2023-03-11,09:33:56,2023-03-18,06:02:40,Siliguri,Birthday
147,C080,8,4,2023-03-17,19:28:15,2023-03-23,13:51:11,Jodhpur,Anniversary
170,C040,32,2,2023-03-21,11:58:13,2023-03-27,05:14:07,Kamarhati,Birthday
176,C039,17,2,2023-03-10,03:34:46,2023-03-16,17:24:51,Moradabad,Anniversary
197,C095,45,2,2023-03-22,18:38:42,2023-03-26,03:30:06,Etawah,Birthday
228,C035,36,1,2023-03-10,18:40:52,2023-03-11,10:30:00,Bijapur,Birthday
234,C097,42,1,2023-03-24,21:18:12,2023-04-01,00:36:53,Khandwa,All Occasions
240,C074,5,5,2023-03-25,06:03:38,2023-03-30,15:43:28,Darbhanga,All Occasions
244,C041,65,3,2023-03-20,15:06:01,2023-03-30,07:06:40,Guntakal,All Occasions
263,C081,57,4,2023-03-12,09:35:10,2023-03-13,15:22:01,Chittoor,Birthday
304,C088,67,3,2023-03-12,09:24:28,2023-03-19,23:09:37,Tiruchirappalli,Anniversary
308,C005,57,1,2023-03-09,07:54:11,2023-03-12,12:11:24,Haldia,Birthday
321,C049,12,5,2023-03-08,11:27:05,2023-03-17,09:51:43,Rampur,Anniversary
362,C041,31,2,2023-03-10,03:40:01,2023-03-17,10:35:23,Nashik,All Occasions
394,C028,38,5,2023-03-23,04:26:37,2023-03-31,19:25:58,Dewas,Birthday
396,C068,10,5,2023-03-15,15:30:58,2023-03-16,01:45:01,Tiruvottiyur,Birthday
408,C063,31,2,2023-03-05,12:19:26,2023-03-11,04:41:38,Haldia,All Occasions
459,C093,12,2,2023-03-29,07:24:55,2023-03-30,07:34:31,Ranchi,Anniversary
473,C061,22,3,2023-03-28,08:13:57,2023-04-04,15:44:18,Giridih,All Occasions
513,C088,1,4,2023-03-27,09:57:32,2023-04-02,13:56:41,Nandyal,All Occasions
601,C030,1,4,2023-03-14,02:37:47,2023-03-18,03:37:12,Raurkela Industrial Township,All Occasions
637,C056,51,3,2023-03-12,19:29:26,2023-03-20,22:34:14,Darbhanga,All Occasions
687,C098,8,5,2023-03-15,17:57:15,2023-03-19,04:50:54,Raichur,Anniversary
695,C046,23,4,2023-03-05,16:36:52,2023-03-14,17:01:44,Imphal,Anniversary
802,C097,45,3,2023-03-23,12:37:23,2023-03-26,06:19:00,Dibrugarh,Birthday
818,C004,8,4,2023-03-02,07:51:06,2023-03-09,09:07:41,Thrissur,Anniversary
849,C013,57,1,2023-03-12,01:16:48,2023-03-14,00:50:03,Panipat,Birthday
877,C041,46,5,2023-03-09,23:16:16,2023-03-18,12:27:24,Hazaribagh,Anniversary
884,C091,10,3,2023-03-18,22:15:44,2023-03-27,18:59:55,Tezpur,Birthday
890,C064,45,4,2023-03-23,23:25:20,2023-03-27,11:38:15,Kharagpur,Birthday
893,C010,63,3,2023-03-28,15:40:42,2023-04-07,14:49:23,Sangli-Miraj & Kupwad,All Occasions
895,C066,45,1,2023-03-28,18:45:56,2023-04-06,02:53:40,Sambhal,Birthday
902,C025,32,5,2023-03-22,13:29:55,2023-03-24,12:24:01,Bidar,Birthday
924,C013,17,1,2023-03-25,09:47:09,2023-04-04,22:56:05,Sagar,Anniversary
926,C049,40,4,2023-03-28,23:01:58,2023-03-31,23:51:25,Kulti,Anniversary
929,C085,23,1,2023-03-19,07:00:52,2023-03-26,13:02:32,Kavali,Anniversary
937,C097,51,2,2023-03-11,03:57:43,2023-03-15,19:27:13,Rohtak,All Occasions
983,C094,70,1,2023-03-25,09:39:44,2023-04-01,06:38:43,Satna,Birthday
26,C040,6,3,2023-03-06,05:03:06,2023-03-12,06:06:11,Amroha,Holi
62,C074,6,4,2023-03-02,15:30:51,2023-03-06,23:51:40,Jorhat,Holi
32,C065,7,5,2023-03-04,15:36:41,2023-03-05,15:54:10,Pudukkottai,Holi
35,C055,7,5,2023-03-02,16:10:26,2023-03-05,15:00:40,Asansol,Holi
11,C065,16,4,2023-03-02,20:14:55,2023-03-03,23:19:47,Belgaum,Holi
19,C072,62,4,2023-03-07,07:59:48,2023-03-08,03:04:34,Vijayanagaram,Holi
36,C029,66,1,2023-03-04,10:28:53,2023-03-14,08:14:49,New Delhi,Holi
72,C058,26,3,2023-03-03,15:49:26,2023-03-12,17:34:10,Bally,Holi
73,C057,26,1,2023-03-03,12:52:36,2023-03-11,01:28:36,Farrukhabad,Holi
84,C032,47,1,2023-03-04,03:31:50,2023-03-06,07:02:20,Tirupati,Holi
85,C041,26,2,2023-03-04,21:35:20,2023-03-14,14:48:22,Agra,Holi
94,C099,69,5,2023-03-02,14:51:08,2023-03-11,08:14:49,Purnia,Holi
110,C075,26,2,2023-03-04,11:23:44,2023-03-13,08:27:31,Kishanganj,Holi
119,C010,6,4,2023-03-04,11:02:10,2023-03-12,12:22:18,Fatehpur,Holi
134,C036,69,5,2023-03-05,19:12:46,2023-03-14,04:58:29,Malda,Holi
137,C070,47,2,2023-03-05,16:06:24,2023-03-11,07:29:21,Warangal,Holi
140,C015,47,1,2023-03-04,06:19:35,2023-03-13,21:29:35,Bharatpur,Holi
153,C094,16,4,2023-03-04,12:15:00,2023-03-10,06:04:43,Rewa,Holi
158,C007,35,2,2023-03-03,15:40:17,2023-03-08,02:53:01,Medininagar,Holi
168,C092,35,2,2023-03-04,15:36:03,2023-03-07,11:02:42,Bidar,Holi
172,C070,62,4,2023-03-03,04:40:04,2023-03-08,05:12:47,Patiala,Holi
177,C085,62,4,2023-03-05,01:49:12,2023-03-07,14:50:42,Satara,Holi
207,C078,6,2,2023-03-05,01:13:16,2023-03-07,12:15:56,Amravati,Holi
214,C099,13,3,2023-03-01,07:49:55,2023-03-07,08:27:25,Durgapur,Holi
219,C027,16,5,2023-03-05,00:36:07,2023-03-11,10:36:05,Bhimavaram,Holi
220,C001,26,3,2023-03-06,12:26:54,2023-03-15,14:41:52,Jalandhar,Holi
238,C083,26,4,2023-03-05,07:56:43,2023-03-11,20:18:17,Jammu,Holi
245,C020,50,3,2023-03-05,06:25:26,2023-03-11,09:30:30,Noida,Holi
259,C001,62,1,2023-03-05,15:21:54,2023-03-10,00:04:01,Sirsa,Holi
260,C100,69,5,2023-03-06,13:06:11,2023-03-16,22:22:30,Satara,Holi
267,C055,35,3,2023-03-04,13:38:57,2023-03-12,03:52:00,Chandrapur,Holi
275,C028,29,1,2023-03-02,04:13:47,2023-03-05,01:17:39,Ranchi,Holi
286,C098,50,3,2023-03-06,20:05:40,2023-03-12,02:41:27,Mango,Holi
287,C011,7,5,2023-03-03,04:54:04,2023-03-06,15:39:57,Muzaffarnagar,Holi
290,C079,69,3,2023-03-06,10:27:18,2023-03-10,14:33:34,Alwar,Holi
294,C047,26,5,2023-03-01,21:04:18,2023-03-03,19:44:54,Nagpur,Holi
305,C003,26,1,2023-03-02,00:10:44,2023-03-10,14:01:05,Lucknow,Holi
315,C063,26,5,2023-03-06,14:21:31,2023-03-09,19:20:21,Ambattur,Holi
317,C014,29,3,2023-03-07,18:51:27,2023-03-15,16:12:50,Ahmednagar,Holi
318,C038,26,5,2023-03-07,12:15:49,2023-03-11,15:59:47,Hosur,Holi
320,C007,13,1,2023-03-01,07:49:55,2023-03-08,08:38:21,Bijapur,Holi
343,C006,66,3,2023-03-06,14:12:40,2023-03-09,09:27:05,Parbhani,Holi
346,C090,50,1,2023-03-04,23:24:17,2023-03-12,16:46:34,Pondicherry,Holi
357,C063,62,4,2023-03-03,20:01:18,2023-03-13,20:55:34,Kavali,Holi
361,C049,47,4,2023-03-03,06:09:56,2023-03-11,08:33:10,Rajkot,Holi
367,C010,47,5,2023-03-03,00:44:09,2023-03-12,15:05:03,South Dumdum,Holi
368,C042,6,3,2023-03-04,23:03:22,2023-03-06,02:52:10,Nashik,Holi
378,C040,6,2,2023-03-01,11:30:20,2023-03-08,19:26:52,Hindupur,Holi
379,C078,66,1,2023-03-03,23:31:41,2023-03-06,10:44:03,Bhavnagar,Holi
385,C002,50,4,2023-03-03,01:16:01,2023-03-08,10:46:18,Alwar,Holi
389,C061,29,2,2023-03-06,03:26:18,2023-03-16,18:13:40,Mahbubnagar,Holi
390,C043,26,4,2023-03-03,15:40:56,2023-03-10,23:02:07,Akola,Holi
395,C067,26,2,2023-03-03,23:14:54,2023-03-06,18:32:37,Hosur,Holi
402,C037,29,1,2023-03-05,16:42:29,2023-03-08,13:32:50,Thrissur,Holi
417,C004,62,4,2023-03-07,22:40:40,2023-03-11,05:56:33,Khammam,Holi
419,C065,47,3,2023-03-05,17:18:51,2023-03-11,13:53:36,Agartala,Holi
424,C072,7,4,2023-03-01,03:04:56,2023-03-09,10:27:03,Kishanganj,Holi
440,C018,13,4,2023-03-07,09:33:31,2023-03-09,01:21:29,Gudivada,Holi
448,C086,16,1,2023-03-02,02:42:54,2023-03-03,13:42:24,Bulandshahr,Holi
460,C007,29,2,2023-03-04,07:58:33,2023-03-06,00:07:26,Kolhapur,Holi
480,C059,62,4,2023-03-06,04:29:31,2023-03-16,22:19:33,Sagar,Holi
507,C028,13,4,2023-03-07,00:28:11,2023-03-13,20:11:36,Malda,Holi
509,C003,13,5,2023-03-05,12:48:55,2023-03-09,07:47:16,Uluberia,Holi
525,C033,16,2,2023-03-02,20:06:08,2023-03-11,22:22:35,Bhagalpur,Holi
526,C008,13,5,2023-03-02,06:06:20,2023-03-08,01:35:05,Bangalore,Holi
544,C030,29,2,2023-03-01,02:31:54,2023-03-11,09:33:52,Belgaum,Holi
557,C039,47,3,2023-03-01,03:00:42,2023-03-08,02:10:39,Kavali,Holi
565,C011,50,3,2023-03-06,17:28:16,2023-03-14,13:12:47,Mehsana,Holi
567,C090,66,1,2023-03-06,06:11:59,2023-03-15,18:57:04,Unnao,Holi
574,C064,29,3,2023-03-02,23:57:06,2023-03-06,21:45:12,Kozhikode,Holi
579,C092,29,2,2023-03-07,21:38:40,2023-03-14,10:45:06,Maheshtala,Holi
592,C007,47,5,2023-03-07,03:27:03,2023-03-11,21:41:23,Phusro,Holi
596,C046,50,1,2023-03-05,14:57:41,2023-03-14,17:58:44,Tiruppur,Holi
597,C074,16,1,2023-03-01,01:05:53,2023-03-06,02:49:44,Pimpri-Chinchwad,Holi
600,C095,47,4,2023-03-07,21:24:39,2023-03-09,15:17:19,Shimla,Holi
607,C028,50,3,2023-03-03,01:50:25,2023-03-05,09:52:56,Bidhannagar,Holi
612,C075,26,1,2023-03-02,10:22:25,2023-03-08,12:39:50,Shivpuri,Holi
614,C089,26,1,2023-03-03,15:36:13,2023-03-07,18:51:41,Aizawl,Holi
619,C091,35,1,2023-03-06,07:18:46,2023-03-16,03:17:33,Patiala,Holi
657,C055,13,3,2023-03-03,09:37:53,2023-03-08,14:48:35,Kochi,Holi
665,C060,62,5,2023-03-05,14:23:22,2023-03-15,15:54:03,Akola,Holi
666,C032,26,5,2023-03-02,09:41:06,2023-03-08,19:28:15,Jammu,Holi
686,C026,50,1,2023-03-01,16:29:38,2023-03-11,21:37:59,Bardhaman,Holi
689,C046,66,4,2023-03-02,05:52:42,2023-03-07,11:00:27,Silchar,Holi
696,C046,13,3,2023-03-07,02:42:21,2023-03-14,15:08:45,Rajpur Sonarpur,Holi
697,C026,66,1,2023-03-03,14:20:25,2023-03-07,15:14:20,Ichalkaranji,Holi
700,C006,6,1,2023-03-04,18:17:57,2023-03-09,13:43:07,Gwalior,Holi
705,C004,7,1,2023-03-05,18:18:01,2023-03-14,17:57:09,Pimpri-Chinchwad,Holi
708,C002,62,3,2023-03-03,10:59:15,2023-03-12,05:05:35,Ozhukarai,Holi
722,C044,13,5,2023-03-02,17:30:25,2023-03-08,08:06:58,Mathura,Holi
725,C035,35,3,2023-03-06,23:23:18,2023-03-11,20:03:47,Kishanganj,Holi
738,C098,16,5,2023-03-03,16:23:38,2023-03-09,01:36:32,Maheshtala,Holi
746,C051,35,2,2023-03-02,05:23:29,2023-03-06,06:24:41,Parbhani,Holi
747,C009,6,4,2023-03-06,03:43:24,2023-03-11,16:38:35,Dhanbad,Holi
748,C079,26,1,2023-03-06,11:13:52,2023-03-07,20:26:40,Tenali,Holi
763,C070,29,4,2023-03-02,15:22:09,2023-03-04,04:30:07,Nellore,Holi
767,C077,13,2,2023-03-03,02:21:13,2023-03-04,00:14:53,Rohtak,Holi
772,C085,35,5,2023-03-01,05:03:06,2023-03-04,08:20:05,Machilipatnam,Holi
786,C003,47,1,2023-03-05,22:47:05,2023-03-07,07:16:53,Kirari Suleman Nagar,Holi
794,C079,13,4,2023-03-04,17:11:58,2023-03-09,14:51:06,Shimoga,Holi
795,C070,7,1,2023-03-03,17:58:36,2023-03-07,22:17:46,Ujjain,Holi
797,C047,13,2,2023-03-03,20:57:50,2023-03-10,04:29:03,Tiruvottiyur,Holi
801,C058,35,1,2023-03-07,19:15:48,2023-03-15,06:35:12,Dindigul,Holi
803,C040,26,1,2023-03-03,12:03:48,2023-03-10,02:50:05,Sambalpur,Holi
809,C062,35,1,2023-03-07,19:50:47,2023-03-17,01:51:34,Ludhiana,Holi
814,C094,47,5,2023-03-05,01:59:20,2023-03-14,04:41:16,Kumbakonam,Holi
826,C077,16,5,2023-03-02,20:02:07,2023-03-08,06:16:18,Udaipur,Holi
833,C002,26,3,2023-03-05,00:40:48,2023-03-13,01:40:17,Shahjahanpur,Holi
841,C041,26,5,2023-03-07,06:16:00,2023-03-12,23:16:39,Bhalswa Jahangir Pur,Holi
848,C005,6,1,2023-03-06,16:52:57,2023-03-10,22:26:48,Shimla,Holi
851,C030,13,3,2023-03-06,11:31:57,2023-03-10,18:17:54,Singrauli,Holi
862,C049,6,4,2023-03-07,05:51:14,2023-03-15,08:23:47,Shimoga,Holi
872,C094,13,2,2023-03-05,20:27:57,2023-03-10,01:32:23,Bokaro,Holi
875,C011,13,1,2023-03-05,21:22:31,2023-03-14,19:57:46,Purnia,Holi
888,C014,69,3,2023-03-06,11:34:43,2023-03-11,15:14:09,Gandhinagar,Holi
915,C014,35,1,2023-03-06,21:12:40,2023-03-14,05:32:37,Uluberia,Holi
948,C061,26,3,2023-03-04,18:21:51,2023-03-07,13:11:26,Dehradun,Holi
958,C009,16,3,2023-03-07,14:02:57,2023-03-14,22:04:41,Bihar Sharif,Holi
963,C025,29,1,2023-03-03,08:44:19,2023-03-06,10:36:46,Phagwara,Holi
965,C080,62,1,2023-03-02,03:15:10,2023-03-06,17:20:22,Amaravati,Holi
966,C061,13,2,2023-03-01,02:21:06,2023-03-10,10:22:53,Nellore,Holi
971,C027,47,1,2023-03-02,04:02:13,2023-03-10,19:17:36,Sultan Pur Majra,Holi
975,C077,62,2,2023-03-04,00:26:32,2023-03-12,08:03:42,Sultan Pur Majra,Holi
977,C005,47,2,2023-03-05,12:33:31,2023-03-07,23:39:44,Rajpur Sonarpur,Holi
6,C040,28,4,2023-08-20,22:11:35,2023-08-26,19:06:46,Sirsa,Raksha Bandhan
9,C044,27,4,2023-08-20,23:39:51,2023-08-29,23:59:54,Rajkot,Raksha Bandhan
27,C063,9,2,2023-08-22,11:16:28,2023-08-30,07:59:12,Raipur,Raksha Bandhan
52,C023,9,1,2023-08-29,19:55:22,2023-09-07,04:22:02,Hospet,Raksha Bandhan
53,C045,9,5,2023-08-20,08:25:45,2023-08-27,05:59:31,Kozhikode,Raksha Bandhan
71,C013,9,5,2023-08-20,16:32:06,2023-08-28,13:31:32,Karnal,Raksha Bandhan
15,C069,21,5,2023-08-26,02:52:39,2023-08-30,13:26:45,Pune,Raksha Bandhan
68,C050,34,4,2023-08-25,22:43:58,2023-08-31,21:31:14,Ahmedabad,Raksha Bandhan
83,C036,27,4,2023-08-23,19:12:01,2023-09-02,14:44:00,Asansol,Raksha Bandhan
117,C033,59,3,2023-08-20,18:50:05,2023-08-22,03:43:01,Loni,Raksha Bandhan
145,C055,59,5,2023-08-29,16:52:56,2023-09-03,13:04:25,Kumbakonam,Raksha Bandhan
150,C092,27,5,2023-08-26,07:18:17,2023-08-29,16:56:13,Bidar,Raksha Bandhan
162,C050,55,3,2023-08-27,06:14:31,2023-09-05,15:53:45,Barasat,Raksha Bandhan
180,C058,55,2,2023-08-24,16:40:33,2023-08-27,08:45:14,Nellore,Raksha Bandhan
192,C060,64,5,2023-08-20,12:28:32,2023-08-21,02:11:18,Vijayanagaram,Raksha Bandhan
201,C004,55,4,2023-08-24,04:40:14,2023-08-30,03:52:28,Dewas,Raksha Bandhan
203,C039,9,5,2023-08-29,05:39:00,2023-09-08,22:40:14,Vijayanagaram,Raksha Bandhan
217,C042,53,4,2023-08-27,03:04:34,2023-08-30,16:42:19,Rajkot,Raksha Bandhan
221,C076,28,4,2023-08-21,02:11:04,2023-08-30,14:00:35,Naihati,Raksha Bandhan
224,C028,34,1,2023-08-24,21:01:58,2023-08-29,02:06:40,Suryapet,Raksha Bandhan
230,C053,64,3,2023-08-27,08:27:50,2023-09-01,01:35:49,Mehsana,Raksha Bandhan
231,C093,64,3,2023-08-24,09:15:18,2023-08-28,21:13:01,Proddatur,Raksha Bandhan
232,C044,28,3,2023-08-22,12:06:09,2023-08-23,09:00:02,Nadiad,Raksha Bandhan
233,C098,64,4,2023-08-26,22:15:19,2023-08-30,04:07:39,Nizamabad,Raksha Bandhan
237,C024,55,1,2023-08-26,09:23:53,2023-08-30,08:19:20,Sasaram,Raksha Bandhan
239,C088,27,3,2023-08-29,08:33:45,2023-09-06,13:23:08,Gurgaon,Raksha Bandhan
242,C012,21,1,2023-08-23,10:24:46,2023-08-31,16:02:32,Amroha,Raksha Bandhan
257,C077,21,3,2023-08-22,15:42:59,2023-08-24,22:39:39,Chinsurah,Raksha Bandhan
270,C084,21,5,2023-08-22,20:21:29,2023-09-01,16:03:59,Avadi,Raksha Bandhan
277,C062,34,5,2023-08-23,19:16:40,2023-08-29,15:50:18,Bhilai,Raksha Bandhan
288,C035,34,2,2023-08-21,15:58:58,2023-08-23,20:42:36,Ballia,Raksha Bandhan
312,C044,9,1,2023-08-22,18:27:36,2023-08-27,06:01:14,Akola,Raksha Bandhan
319,C044,64,1,2023-08-20,06:23:07,2023-08-26,22:44:23,Bikaner,Raksha Bandhan
325,C091,27,5,2023-08-25,18:30:45,2023-09-04,20:02:37,Amritsar,Raksha Bandhan
326,C088,34,3,2023-08-27,15:39:05,2023-09-03,15:33:32,Panchkula,Raksha Bandhan
330,C059,59,2,2023-08-24,20:25:09,2023-09-01,12:26:20,Shahjahanpur,Raksha Bandhan
334,C066,53,1,2023-08-28,21:19:46,2023-09-01,22:03:03,Patiala,Raksha Bandhan
336,C069,53,1,2023-08-20,04:32:24,2023-08-25,19:54:17,Tiruchirappalli,Raksha Bandhan
338,C087,21,3,2023-08-20,14:15:51,2023-08-28,01:34:07,Panchkula,Raksha Bandhan
341,C028,9,2,2023-08-20,14:54:35,2023-08-30,22:32:13,Ongole,Raksha Bandhan
344,C020,28,5,2023-08-29,17:06:22,2023-09-03,06:28:07,Tiruvottiyur,Raksha Bandhan
347,C034,34,2,2023-08-29,09:46:21,2023-09-08,08:37:09,Shimoga,Raksha Bandhan
352,C080,28,1,2023-08-23,23:49:45,2023-09-02,09:14:52,Bellary,Raksha Bandhan
353,C089,55,2,2023-08-21,09:43:27,2023-08-24,14:12:14,Korba,Raksha Bandhan
358,C040,55,1,2023-08-20,16:53:29,2023-08-25,13:30:37,Secunderabad,Raksha Bandhan
377,C013,55,4,2023-08-26,08:34:06,2023-08-31,11:47:09,Ghaziabad,Raksha Bandhan
401,C089,9,5,2023-08-29,19:53:33,2023-09-04,07:19:07,Bharatpur,Raksha Bandhan
404,C055,21,5,2023-08-22,07:55:20,2023-08-24,22:27:19,South Dumdum,Raksha Bandhan
406,C049,55,4,2023-08-25,15:59:17,2023-09-02,06:23:53,Srikakulam,Raksha Bandhan
413,C050,59,5,2023-08-22,05:32:17,2023-08-30,20:21:11,Amritsar,Raksha Bandhan
418,C069,64,3,2023-08-24,13:17:22,2023-09-01,11:37:10,Karimnagar,Raksha Bandhan
422,C044,53,2,2023-08-20,03:03:58,2023-08-29,04:05:39,Eluru,Raksha Bandhan
429,C007,9,5,2023-08-22,22:46:57,2023-08-31,12:43:52,Bahraich,Raksha Bandhan
430,C045,27,2,2023-08-27,07:20:30,2023-08-31,10:03:32,Rourkela,Raksha Bandhan
435,C017,53,4,2023-08-22,17:27:30,2023-08-27,12:35:14,Mira-Bhayandar,Raksha Bandhan
437,C010,55,1,2023-08-24,06:30:47,2023-08-27,22:56:38,Uluberia,Raksha Bandhan
438,C037,34,2,2023-08-26,09:27:17,2023-08-27,03:18:31,Tadepalligudem,Raksha Bandhan
453,C032,27,2,2023-08-21,10:11:39,2023-08-31,12:28:21,Varanasi,Raksha Bandhan
465,C029,55,5,2023-08-23,23:46:12,2023-08-26,13:29:11,Madurai,Raksha Bandhan
467,C056,53,1,2023-08-28,14:18:44,2023-09-02,15:20:11,Gandhidham,Raksha Bandhan
483,C007,59,2,2023-08-28,06:25:03,2023-08-31,05:06:02,Pallavaram,Raksha Bandhan
488,C025,21,4,2023-08-28,22:13:30,2023-08-29,05:26:49,Nizamabad,Raksha Bandhan
497,C081,64,2,2023-08-29,20:14:01,2023-09-01,04:42:56,Alwar,Raksha Bandhan
499,C031,59,1,2023-08-27,12:09:20,2023-09-02,10:03:32,Ichalkaranji,Raksha Bandhan
503,C020,34,1,2023-08-29,20:45:45,2023-09-06,07:49:54,Dehri,Raksha Bandhan
506,C058,55,4,2023-08-27,08:52:04,2023-09-02,11:43:24,Thrissur,Raksha Bandhan
528,C001,27,3,2023-08-27,05:01:16,2023-08-30,17:03:43,Tirunelveli,Raksha Bandhan
529,C013,64,2,2023-08-25,15:47:28,2023-08-28,14:05:18,Madurai,Raksha Bandhan
531,C029,28,5,2023-08-29,13:32:08,2023-09-07,08:43:11,Dehradun,Raksha Bandhan
536,C048,59,3,2023-08-25,15:14:52,2023-08-30,11:13:10,Kota,Raksha Bandhan
545,C083,9,5,2023-08-20,01:54:52,2023-08-26,08:07:19,Ratlam,Raksha Bandhan
549,C021,64,1,2023-08-22,19:29:43,2023-09-01,02:29:10,Erode,Raksha Bandhan
558,C091,64,3,2023-08-22,00:42:58,2023-08-25,00:24:52,Muzaffarpur,Raksha Bandhan
569,C027,53,2,2023-08-28,14:00:43,2023-09-04,17:56:22,Purnia,Raksha Bandhan
576,C074,53,4,2023-08-20,07:04:37,2023-08-26,08:01:59,Aurangabad,Raksha Bandhan
584,C089,34,2,2023-08-23,07:39:30,2023-08-27,16:10:28,Eluru,Raksha Bandhan
586,C068,64,5,2023-08-27,21:04:38,2023-09-04,16:30:39,Bilaspur,Raksha Bandhan
599,C004,34,1,2023-08-21,19:32:24,2023-08-24,12:13:52,Naihati,Raksha Bandhan
608,C030,55,5,2023-08-28,20:30:15,2023-09-01,07:14:20,Etawah,Raksha Bandhan
611,C056,28,2,2023-08-22,21:17:50,2023-08-28,03:27:30,Latur,Raksha Bandhan
615,C020,28,3,2023-08-25,21:11:09,2023-09-01,06:10:16,Allahabad,Raksha Bandhan
621,C070,64,3,2023-08-20,07:17:03,2023-08-28,01:32:49,Ahmedabad,Raksha Bandhan
624,C024,53,5,2023-08-29,09:19:59,2023-09-01,08:29:54,Ambala,Raksha Bandhan
629,C032,28,5,2023-08-27,09:09:01,2023-09-04,15:31:23,Sangli-Miraj & Kupwad,Raksha Bandhan
636,C067,53,2,2023-08-25,07:18:26,2023-09-02,03:33:45,Panipat,Raksha Bandhan
640,C089,59,3,2023-08-23,06:16:51,2023-08-31,19:07:21,Bathinda,Raksha Bandhan
647,C069,21,5,2023-08-25,17:00:25,2023-08-26,01:29:04,Anantapuram,Raksha Bandhan
652,C032,21,2,2023-08-28,19:41:09,2023-09-03,00:01:31,Phagwara,Raksha Bandhan
654,C019,64,2,2023-08-29,04:53:15,2023-09-02,00:41:13,Jhansi,Raksha Bandhan
658,C061,21,3,2023-08-22,20:54:56,2023-08-31,08:54:06,Srikakulam,Raksha Bandhan
668,C009,55,2,2023-08-21,10:09:53,2023-08-30,16:32:49,Ajmer,Raksha Bandhan
683,C024,27,3,2023-08-23,21:26:58,2023-08-30,19:25:08,Surendranagar Dudhrej,Raksha Bandhan
698,C060,64,3,2023-08-29,20:44:11,2023-09-06,15:00:13,Ozhukarai,Raksha Bandhan
703,C070,53,4,2023-08-23,16:19:39,2023-09-01,06:12:05,Khammam,Raksha Bandhan
704,C061,55,4,2023-08-29,02:27:10,2023-08-30,13:36:34,Jalgaon,Raksha Bandhan
709,C016,53,5,2023-08-29,04:38:05,2023-09-07,17:29:15,Kolkata,Raksha Bandhan
726,C044,34,2,2023-08-21,19:10:31,2023-08-31,18:54:28,Hindupur,Raksha Bandhan
730,C097,59,1,2023-08-22,02:04:03,2023-08-25,22:39:30,Sangli-Miraj & Kupwad,Raksha Bandhan
731,C083,59,5,2023-08-25,12:01:20,2023-09-02,11:02:31,Bulandshahr,Raksha Bandhan
741,C072,53,5,2023-08-23,12:47:09,2023-09-01,21:37:19,Siwan,Raksha Bandhan
742,C089,53,5,2023-08-24,19:50:07,2023-08-26,15:58:06,Panchkula,Raksha Bandhan
769,C029,28,2,2023-08-25,09:37:39,2023-09-02,20:10:20,Ongole,Raksha Bandhan
771,C056,9,2,2023-08-26,17:00:07,2023-09-01,10:54:16,Vijayanagaram,Raksha Bandhan
783,C024,55,5,2023-08-28,04:31:27,2023-08-29,05:10:51,Visakhapatnam,Raksha Bandhan
787,C069,9,1,2023-08-25,21:42:12,2023-08-27,14:10:59,Ambarnath,Raksha Bandhan
788,C099,53,3,2023-08-24,04:58:58,2023-08-27,08:56:52,Durgapur,Raksha Bandhan
808,C002,9,2,2023-08-29,15:36:39,2023-08-30,10:11:21,Raurkela Industrial Township,Raksha Bandhan
817,C066,21,2,2023-08-28,05:37:00,2023-09-01,22:05:03,Jalandhar,Raksha Bandhan
819,C052,55,5,2023-08-22,13:05:23,2023-08-24,01:32:28,Kottayam,Raksha Bandhan
820,C033,64,3,2023-08-22,05:51:43,2023-08-26,04:52:23,Hapur,Raksha Bandhan
823,C087,64,3,2023-08-27,15:23:25,2023-09-01,14:52:40,Alappuzha,Raksha Bandhan
827,C086,9,1,2023-08-29,22:10:46,2023-08-30,00:51:55,Surendranagar Dudhrej,Raksha Bandhan
850,C092,21,4,2023-08-23,23:15:17,2023-08-25,10:31:01,Darbhanga,Raksha Bandhan
856,C077,21,2,2023-08-27,17:40:11,2023-09-02,16:16:50,Kanpur,Raksha Bandhan
873,C027,64,4,2023-08-26,10:57:00,2023-09-05,15:45:27,Nandyal,Raksha Bandhan
880,C044,34,5,2023-08-29,22:14:26,2023-08-31,04:54:50,Purnia,Raksha Bandhan
881,C015,28,4,2023-08-21,15:17:42,2023-08-28,12:59:45,New Delhi,Raksha Bandhan
882,C089,64,2,2023-08-29,05:32:40,2023-09-08,16:14:53,Srikakulam,Raksha Bandhan
886,C045,53,3,2023-08-21,08:23:02,2023-08-25,19:52:35,Nanded,Raksha Bandhan
897,C031,34,5,2023-08-25,07:53:21,2023-09-01,14:02:50,Dhule,Raksha Bandhan
901,C043,27,4,2023-08-22,07:55:38,2023-08-27,01:32:30,Deoghar,Raksha Bandhan
908,C090,28,5,2023-08-22,15:51:25,2023-08-24,22:50:08,Ozhukarai,Raksha Bandhan
910,C066,55,4,2023-08-26,02:03:23,2023-09-04,17:03:10,Kamarhati,Raksha Bandhan
912,C062,9,4,2023-08-29,03:09:59,2023-09-06,11:36:14,Ghaziabad,Raksha Bandhan
934,C022,27,5,2023-08-22,00:41:04,2023-08-23,08:38:52,Agartala,Raksha Bandhan
935,C046,27,5,2023-08-20,09:38:15,2023-08-29,17:18:37,Kurnool,Raksha Bandhan
938,C005,59,3,2023-08-29,18:12:49,2023-09-08,01:17:33,Ratlam,Raksha Bandhan
939,C084,9,4,2023-08-20,20:55:05,2023-08-21,04:36:14,Bhilai,Raksha Bandhan
956,C037,34,5,2023-08-29,04:52:24,2023-09-03,14:53:28,Sagar,Raksha Bandhan
968,C002,9,2,2023-08-25,23:55:22,2023-09-01,20:24:11,Jaunpur,Raksha Bandhan
979,C030,9,4,2023-08-28,18:43:04,2023-08-31,20:12:58,Adoni,Raksha Bandhan
1000,C012,27,4,2023-08-25,01:22:43,2023-08-31,06:57:59,Tadepalligudem,Raksha Bandhan
77,C028,42,3,2023-08-05,01:07:11,2023-08-13,16:20:52,Kanpur,All Occasions
82,C038,70,3,2023-08-04,22:02:05,2023-08-05,14:08:13,Gwalior,Birthday
165,C058,40,5,2023-08-06,13:11:16,2023-08-10,08:37:14,Lucknow,Anniversary
181,C064,10,4,2023-08-28,05:55:22,2023-09-06,04:53:28,Howrah,Birthday
193,C038,42,4,2023-08-16,23:44:29,2023-08-19,02:34:02,Nanded,All Occasions
196,C063,30,2,2023-08-05,09:37:50,2023-08-13,08:58:06,Begusarai,Anniversary
198,C090,24,2,2023-08-27,22:33:37,2023-09-04,01:09:50,Phagwara,Birthday
199,C093,70,5,2023-08-16,01:54:30,2023-08-19,16:24:59,Bareilly,Birthday
268,C053,38,1,2023-08-14,07:45:59,2023-08-23,16:53:30,Katni,Birthday
284,C057,17,1,2023-08-10,16:13:04,2023-08-16,11:21:57,Aurangabad,Anniversary
289,C018,30,4,2023-08-29,23:40:01,2023-09-06,02:50:06,Imphal,Anniversary
300,C032,22,1,2023-08-29,19:20:05,2023-09-08,18:25:16,Tinsukia,All Occasions
310,C061,38,3,2023-08-20,12:24:22,2023-08-24,15:42:48,Bhalswa Jahangir Pur,Birthday
329,C095,17,3,2023-08-26,02:22:03,2023-09-04,03:08:52,Nashik,Anniversary
369,C014,63,3,2023-08-07,07:23:44,2023-08-15,04:28:30,Jammu,All Occasions
421,C066,38,4,2023-08-08,20:16:30,2023-08-12,19:04:00,Serampore,Birthday
481,C044,12,5,2023-08-21,00:00:53,2023-08-25,18:36:25,Bhiwandi,Anniversary
489,C072,10,1,2023-08-28,22:26:56,2023-09-02,04:30:46,Kirari Suleman Nagar,Birthday
495,C007,20,1,2023-08-28,17:42:29,2023-08-29,22:51:31,Pimpri-Chinchwad,Anniversary
524,C084,45,1,2023-08-15,13:54:54,2023-08-22,12:29:47,Jalandhar,Birthday
530,C008,5,2,2023-08-19,10:45:21,2023-08-27,00:23:56,Delhi,All Occasions
553,C084,39,2,2023-08-22,01:22:41,2023-08-26,07:43:27,Alwar,All Occasions
560,C019,39,2,2023-08-04,12:52:20,2023-08-09,09:50:53,Avadi,All Occasions
562,C066,24,4,2023-08-09,09:18:20,2023-08-16,01:34:07,Ranchi,Birthday
692,C035,15,2,2023-08-11,07:04:55,2023-08-18,06:44:37,Tiruppur,Anniversary
716,C076,40,3,2023-08-19,23:18:12,2023-08-26,01:39:58,Berhampore,Anniversary
764,C039,65,3,2023-08-01,19:59:36,2023-08-05,09:24:36,Berhampur,All Occasions
855,C033,57,5,2023-08-07,23:50:11,2023-08-17,20:15:43,Allahabad,Birthday
866,C021,15,5,2023-08-10,20:06:37,2023-08-11,08:02:41,Medininagar,Anniversary
868,C099,32,1,2023-08-22,01:01:17,2023-08-30,10:09:12,Anand,Birthday
889,C050,36,3,2023-08-16,23:06:44,2023-08-18,10:05:02,Bangalore,Birthday
969,C004,42,4,2023-08-30,22:56:34,2023-09-03,03:22:59,Khammam,All Occasions
984,C058,65,1,2023-08-03,22:31:02,2023-08-07,16:39:11,Ballia,All Occasions
48,C031,65,4,2023-11-12,20:00:30,2023-11-16,05:31:42,Delhi,All Occasions
99,C050,38,3,2023-11-04,14:00:46,2023-11-05,15:44:38,Burhanpur,Birthday
113,C032,1,3,2023-11-14,15:30:30,2023-11-23,04:26:47,Bulandshahr,All Occasions
154,C049,45,5,2023-11-21,23:14:18,2023-11-25,02:04:59,Indore,Birthday
178,C097,61,1,2023-11-14,23:04:31,2023-11-16,02:14:23,Bhilai,Anniversary
189,C016,57,1,2023-11-19,17:22:19,2023-11-22,13:21:54,Srikakulam,Birthday
273,C047,10,2,2023-11-22,16:12:35,2023-11-24,01:52:48,Moradabad,Birthday
279,C067,23,4,2023-11-24,09:14:46,2023-11-26,17:51:23,Chinsurah,Anniversary
283,C086,23,2,2023-11-23,02:51:34,2023-11-30,18:21:40,Erode,Anniversary
299,C091,8,5,2023-11-08,11:51:21,2023-11-17,13:17:51,Vellore,Anniversary
303,C051,14,1,2023-11-20,06:42:57,2023-11-29,07:08:02,Narasaraopet,Birthday
335,C013,17,2,2023-11-06,02:09:35,2023-11-08,02:23:24,Sri Ganganagar,Anniversary
342,C062,36,5,2023-11-03,04:03:43,2023-11-08,16:26:16,Salem,Birthday
348,C060,30,2,2023-11-28,20:33:37,2023-12-07,12:02:59,Kalyan-Dombivli,Anniversary
363,C022,15,2,2023-11-27,19:01:01,2023-12-05,01:50:36,Bhavnagar,Anniversary
372,C006,25,3,2023-11-08,19:04:25,2023-11-18,18:28:46,Kamarhati,Anniversary
388,C066,36,2,2023-11-10,00:15:10,2023-11-18,10:37:06,Jalna,Birthday
393,C087,17,5,2023-11-14,11:01:18,2023-11-22,16:10:46,Solapur,Anniversary
434,C020,51,4,2023-11-28,07:23:06,2023-11-29,19:43:32,Kirari Suleman Nagar,All Occasions
534,C061,31,2,2023-11-27,03:40:16,2023-12-04,11:22:37,Naihati,All Occasions
541,C007,24,3,2023-11-13,05:51:09,2023-11-16,22:56:34,Sasaram,Birthday
595,C022,51,4,2023-11-08,13:49:19,2023-11-15,04:06:31,Dhanbad,All Occasions
635,C095,67,1,2023-11-12,18:37:11,2023-11-22,07:23:32,Navi Mumbai,Anniversary
653,C076,17,4,2023-11-29,13:38:07,2023-12-01,05:52:11,Bhilwara,Anniversary
655,C015,17,1,2023-11-08,21:19:04,2023-11-17,18:57:37,Jalna,Anniversary
727,C061,12,5,2023-11-18,01:37:03,2023-11-22,16:22:32,Anand,Anniversary
740,C004,56,4,2023-11-07,16:11:58,2023-11-12,10:07:51,Silchar,Anniversary
754,C083,51,2,2023-11-01,20:40:33,2023-11-08,22:13:13,Pimpri-Chinchwad,All Occasions
768,C087,1,1,2023-11-11,18:37:41,2023-11-16,12:19:42,Howrah,All Occasions
807,C006,40,4,2023-11-29,16:20:19,2023-12-09,03:09:57,Bhopal,Anniversary
839,C072,51,4,2023-11-02,03:51:23,2023-11-12,01:49:51,Udupi,All Occasions
846,C069,15,4,2023-11-28,02:47:39,2023-12-02,06:56:03,Bhalswa Jahangir Pur,Anniversary
909,C084,42,1,2023-11-04,07:43:51,2023-11-08,22:25:25,Hyderabad,All Occasions
928,C012,23,3,2023-11-19,11:06:24,2023-11-27,10:16:12,Bihar Sharif,Anniversary
933,C038,51,3,2023-11-14,12:17:01,2023-11-23,02:50:02,Muzaffarnagar,All Occasions
944,C024,67,4,2023-11-17,20:34:33,2023-11-21,16:40:40,Amravati,Anniversary
951,C024,20,1,2023-11-23,15:34:09,2023-11-25,19:03:34,Bongaigaon,Anniversary
974,C014,17,4,2023-11-04,19:16:59,2023-11-07,16:11:27,Pallavaram,Anniversary
986,C086,1,2,2023-11-03,16:41:54,2023-11-05,22:43:28,Bally,All Occasions
2,C019,41,2,2023-11-07,23:30:18,2023-11-13,07:16:17,Jaipur,Diwali
50,C014,41,4,2023-11-09,06:56:33,2023-11-16,10:19:22,Jamalpur,Diwali
8,C097,43,3,2023-11-08,19:20:02,2023-11-14,08:44:45,Morena,Diwali
22,C054,43,1,2023-11-09,01:05:28,2023-11-14,09:49:47,Tenali,Diwali
39,C054,43,2,2023-11-02,19:25:58,2023-11-04,13:28:42,Vellore,Diwali
49,C020,43,1,2023-11-11,17:44:30,2023-11-18,13:49:52,Nangloi Jat,Diwali
14,C042,60,1,2023-11-08,03:46:06,2023-11-15,12:08:02,Bilaspur,Diwali
17,C056,60,2,2023-11-04,11:31:33,2023-11-13,18:40:13,Kota,Diwali
38,C067,37,3,2023-11-11,12:30:28,2023-11-14,12:24:51,Indore,Diwali
40,C066,48,4,2023-11-02,14:15:10,2023-11-05,04:29:54,Raiganj,Diwali
61,C058,44,2,2023-11-08,22:26:25,2023-11-10,08:08:31,Panihati,Diwali
76,C054,4,1,2023-11-09,05:13:11,2023-11-12,00:34:50,Anand,Diwali
90,C088,41,3,2023-11-09,20:54:16,2023-11-18,17:48:35,Shahjahanpur,Diwali
97,C041,41,1,2023-11-03,20:11:32,2023-11-08,01:35:25,Bhavnagar,Diwali
106,C095,41,2,2023-11-06,17:55:46,2023-11-08,23:00:28,Chinsurah,Diwali
107,C041,4,3,2023-11-06,10:18:07,2023-11-12,14:20:21,Gorakhpur,Diwali
112,C023,37,3,2023-11-11,06:36:04,2023-11-14,15:50:59,Kochi,Diwali
116,C009,4,3,2023-11-11,14:28:05,2023-11-20,05:25:26,Howrah,Diwali
127,C051,60,4,2023-11-02,14:04:38,2023-11-03,19:25:01,Dhanbad,Diwali
133,C018,43,5,2023-11-10,15:51:54,2023-11-16,11:22:51,Tiruppur,Diwali
151,C051,43,1,2023-11-03,21:42:26,2023-11-10,03:56:02,Jalna,Diwali
159,C095,43,3,2023-11-09,21:31:39,2023-11-11,04:55:56,Davanagere,Diwali
166,C035,4,3,2023-11-07,23:05:28,2023-11-10,06:12:46,Madanapalle,Diwali
167,C019,37,4,2023-11-04,01:26:51,2023-11-07,15:16:27,Nangloi Jat,Diwali
174,C048,4,3,2023-11-03,15:39:20,2023-11-13,18:06:46,Malda,Diwali
183,C082,48,3,2023-11-09,18:11:41,2023-11-11,15:29:26,Bahraich,Diwali
190,C096,60,5,2023-11-09,12:33:49,2023-11-13,13:41:24,Darbhanga,Diwali
250,C086,37,5,2023-11-08,15:07:27,2023-11-09,01:32:06,Korba,Diwali
256,C065,4,5,2023-11-06,19:13:49,2023-11-14,18:05:55,Suryapet,Diwali
261,C041,37,3,2023-11-06,14:03:50,2023-11-12,20:17:47,Malegaon,Diwali
274,C078,41,5,2023-11-02,06:37:51,2023-11-12,20:53:36,Raebareli,Diwali
282,C092,41,2,2023-11-11,10:20:49,2023-11-19,22:11:40,Mangalore,Diwali
309,C071,60,4,2023-11-10,06:38:43,2023-11-13,05:14:33,Mangalore,Diwali
314,C029,43,4,2023-11-05,11:48:41,2023-11-15,04:55:25,Patiala,Diwali
331,C023,41,5,2023-11-04,21:49:56,2023-11-05,14:13:32,Patna,Diwali
349,C017,44,4,2023-11-11,03:32:37,2023-11-12,10:31:13,Junagadh,Diwali
360,C099,41,1,2023-11-06,03:11:57,2023-11-09,17:45:31,Belgaum,Diwali
364,C003,43,3,2023-11-08,06:09:01,2023-11-09,04:37:33,Satara,Diwali
374,C087,4,1,2023-11-07,07:47:32,2023-11-09,22:32:44,Guna,Diwali
380,C009,60,4,2023-11-08,13:33:02,2023-11-15,23:40:37,Bidhannagar,Diwali
383,C016,37,1,2023-11-06,00:16:45,2023-11-08,20:09:52,Panchkula,Diwali
392,C085,4,2,2023-11-05,03:18:55,2023-11-06,18:53:09,Gangtok,Diwali
397,C034,4,5,2023-11-09,06:48:09,2023-11-14,13:32:34,Junagadh,Diwali
411,C006,48,1,2023-11-05,16:31:34,2023-11-08,07:21:26,Nadiad,Diwali
427,C042,48,5,2023-11-03,07:56:32,2023-11-13,22:46:12,Gudivada,Diwali
444,C021,60,3,2023-11-02,01:01:13,2023-11-09,09:54:20,Jalna,Diwali
462,C069,60,5,2023-11-04,18:10:06,2023-11-13,14:20:14,Kirari Suleman Nagar,Diwali
485,C029,43,4,2023-11-06,19:20:24,2023-11-14,19:27:14,Bhubaneswar,Diwali
512,C008,41,1,2023-11-05,02:42:41,2023-11-11,13:10:40,Ranchi,Diwali
517,C064,60,5,2023-11-09,01:01:13,2023-11-17,19:04:55,Aligarh,Diwali
587,C018,43,1,2023-11-02,00:51:24,2023-11-03,10:41:06,Panchkula,Diwali
598,C054,37,3,2023-11-11,02:51:23,2023-11-18,21:53:27,Ratlam,Diwali
602,C042,43,5,2023-11-02,10:17:25,2023-11-11,06:02:00,Buxar,Diwali
613,C063,4,5,2023-11-10,17:54:34,2023-11-14,19:18:27,Gwalior,Diwali
616,C006,44,5,2023-11-08,23:57:57,2023-11-12,19:20:59,Phagwara,Diwali
618,C073,60,4,2023-11-05,16:09:13,2023-11-15,17:21:36,Lucknow,Diwali
622,C084,4,4,2023-11-08,14:13:32,2023-11-09,15:59:02,Bhiwandi,Diwali
623,C045,37,2,2023-11-08,13:37:50,2023-11-18,14:25:39,Lucknow,Diwali
642,C021,44,5,2023-11-02,05:26:04,2023-11-07,00:29:51,Kozhikode,Diwali
648,C040,41,3,2023-11-05,19:06:16,2023-11-09,08:25:00,Chittoor,Diwali
649,C053,43,3,2023-11-02,03:05:41,2023-11-11,08:55:15,Naihati,Diwali
667,C052,44,3,2023-11-04,08:26:58,2023-11-07,10:30:59,Alwar,Diwali
672,C049,44,5,2023-11-07,14:06:15,2023-11-09,06:46:37,Saharanpur,Diwali
677,C045,37,5,2023-11-04,07:54:01,2023-11-14,05:32:35,Panihati,Diwali
690,C083,48,2,2023-11-02,21:13:25,2023-11-05,21:32:48,Jaunpur,Diwali
691,C002,48,5,2023-11-06,05:22:43,2023-11-10,11:08:26,Naihati,Diwali
693,C041,4,5,2023-11-04,23:48:55,2023-11-07,05:31:27,Ghaziabad,Diwali
701,C080,41,5,2023-11-07,10:57:34,2023-11-11,04:56:26,Tezpur,Diwali
702,C067,60,1,2023-11-10,08:44:24,2023-11-18,06:26:10,Giridih,Diwali
713,C081,37,3,2023-11-08,23:24:22,2023-11-15,22:51:21,Tiruppur,Diwali
743,C045,4,2,2023-11-09,13:28:07,2023-11-13,01:16:24,Tiruppur,Diwali
745,C052,44,1,2023-11-07,09:12:26,2023-11-09,00:30:04,Kolkata,Diwali
753,C045,60,1,2023-11-06,06:55:38,2023-11-12,04:49:01,Tinsukia,Diwali
759,C084,48,5,2023-11-02,06:12:14,2023-11-11,06:06:56,Bathinda,Diwali
765,C055,41,2,2023-11-03,02:37:40,2023-11-06,03:52:27,Ambala,Diwali
776,C051,43,1,2023-11-09,07:28:54,2023-11-12,21:39:04,Alwar,Diwali
792,C015,43,2,2023-11-09,07:00:56,2023-11-10,05:14:12,Munger,Diwali
822,C075,41,5,2023-11-09,03:23:06,2023-11-12,04:15:17,Indore,Diwali
834,C029,60,5,2023-11-03,18:35:20,2023-11-12,14:01:49,Thrissur,Diwali
836,C020,44,5,2023-11-08,02:36:05,2023-11-11,03:11:27,Tumkur,Diwali
847,C009,44,4,2023-11-07,18:10:17,2023-11-12,10:21:36,Bareilly,Diwali
852,C035,44,2,2023-11-11,09:41:46,2023-11-14,14:15:30,Ozhukarai,Diwali
858,C046,44,4,2023-11-08,01:51:48,2023-11-09,16:01:24,Saharanpur,Diwali
859,C047,43,1,2023-11-10,07:06:21,2023-11-15,01:46:27,Varanasi,Diwali
867,C014,48,1,2023-11-02,12:22:06,2023-11-04,05:08:47,Hajipur,Diwali
870,C018,43,5,2023-11-05,15:13:46,2023-11-07,06:49:39,Pallavaram,Diwali
876,C016,4,4,2023-11-06,09:38:36,2023-11-14,20:47:44,Jaunpur,Diwali
878,C057,4,2,2023-11-10,16:36:59,2023-11-19,16:45:34,Singrauli,Diwali
927,C100,43,4,2023-11-03,06:38:15,2023-11-11,05:00:17,Gopalpur,Diwali
936,C045,43,4,2023-11-02,21:26:31,2023-11-08,10:03:32,Bardhaman,Diwali
954,C063,44,3,2023-11-02,04:01:43,2023-11-03,18:21:01,Ballia,Diwali
960,C032,48,3,2023-11-05,05:25:49,2023-11-08,09:56:17,Nadiad,Diwali
988,C020,4,3,2023-11-10,09:47:17,2023-11-15,10:29:19,Mau,Diwali
992,C091,43,3,2023-11-02,14:09:04,2023-11-03,19:32:39,Chittoor,Diwali
998,C046,44,1,2023-11-06,16:17:11,2023-11-14,04:33:25,Ballia,Diwali
60,C023,5,2,2023-12-13,06:46:45,2023-12-15,13:03:56,Darbhanga,All Occasions
46,C059,22,4,2023-04-18,03:21:11,2023-04-23,08:02:45,Guna,All Occasions
24,C018,42,3,2023-07-25,05:10:42,2023-08-03,07:57:35,Durg,All Occasions
28,C088,42,3,2023-05-05,03:25:25,2023-05-10,07:55:04,Guwahati,All Occasions
63,C056,42,3,2023-06-25,06:22:38,2023-06-26,15:40:04,Munger,All Occasions
59,C041,51,5,2023-06-26,03:56:15,2023-06-28,20:10:04,Thiruvananthapuram,All Occasions
74,C024,31,3,2023-01-01,20:55:22,2023-01-07,09:02:03,Shivpuri,All Occasions
75,C009,65,2,2023-04-06,11:10:24,2023-04-09,23:00:34,Bally,All Occasions
80,C008,39,4,2023-01-02,11:07:02,2023-01-11,02:05:50,Salem,All Occasions
86,C046,39,4,2023-09-13,11:27:49,2023-09-22,14:09:30,Sirsa,All Occasions
100,C055,42,5,2023-05-09,05:50:07,2023-05-17,05:30:26,Bhiwani,All Occasions
104,C082,51,3,2023-12-29,01:45:29,2024-01-05,00:15:28,Ahmednagar,All Occasions
144,C090,51,5,2023-01-18,09:01:03,2023-01-23,03:23:15,Srinagar,All Occasions
149,C008,5,3,2023-10-06,23:23:09,2023-10-09,20:09:12,Mangalore,All Occasions
175,C042,31,1,2023-10-13,01:17:47,2023-10-20,07:22:52,Navi Mumbai,All Occasions
188,C067,22,5,2023-09-18,01:38:33,2023-09-25,14:02:12,Serampore,All Occasions
211,C043,31,5,2023-10-22,18:14:59,2023-10-29,17:40:03,Orai,All Occasions
218,C061,31,4,2023-06-13,22:55:11,2023-06-16,03:06:01,Gurgaon,All Occasions
254,C093,1,5,2023-07-07,00:09:44,2023-07-15,05:27:49,Bhilai,All Occasions
278,C044,1,2,2023-06-20,23:33:52,2023-06-24,05:42:44,Ballia,All Occasions
293,C003,1,4,2023-09-04,04:03:47,2023-09-09,18:10:36,Tezpur,All Occasions
311,C051,39,2,2023-09-02,09:26:47,2023-09-12,17:51:43,Mehsana,All Occasions
327,C048,51,1,2023-09-24,09:29:05,2023-09-26,20:09:05,Muzaffarnagar,All Occasions
351,C099,1,1,2023-01-16,15:11:07,2023-01-25,22:29:59,Bhilai,All Occasions
373,C026,65,2,2023-06-07,20:49:11,2023-06-10,23:57:40,North Dumdum,All Occasions
386,C091,5,4,2023-06-04,12:47:45,2023-06-14,21:34:41,Jalandhar,All Occasions
387,C061,1,2,2023-04-30,05:38:25,2023-05-09,02:15:58,Ahmedabad,All Occasions
391,C083,22,4,2023-12-29,13:44:06,2024-01-07,12:58:41,Bareilly,All Occasions
431,C057,1,4,2023-12-13,19:13:43,2023-12-19,21:02:24,Varanasi,All Occasions
450,C096,39,5,2023-12-02,07:58:05,2023-12-12,10:09:58,Sri Ganganagar,All Occasions
455,C072,1,2,2023-10-20,22:33:50,2023-10-25,18:04:20,Eluru,All Occasions
457,C036,22,5,2023-05-27,13:55:39,2023-05-29,16:38:25,Mirzapur,All Occasions
468,C007,5,2,2023-07-25,07:57:26,2023-08-04,01:24:47,Rajahmundry,All Occasions
469,C051,42,4,2023-12-15,07:06:00,2023-12-19,12:56:49,Kamarhati,All Occasions
484,C034,1,5,2023-05-26,19:03:55,2023-06-03,19:32:17,Morena,All Occasions
487,C053,51,1,2023-01-05,16:46:57,2023-01-09,04:28:18,Sasaram,All Occasions
502,C099,22,5,2023-06-24,05:33:20,2023-06-30,00:55:44,Munger,All Occasions
516,C020,22,2,2023-07-05,20:52:56,2023-07-06,01:06:20,Gaya,All Occasions
537,C064,42,3,2023-10-17,06:19:24,2023-10-25,03:09:08,Korba,All Occasions
540,C082,22,4,2023-09-06,19:07:35,2023-09-09,01:26:00,Morbi,All Occasions
552,C064,31,3,2023-05-10,18:59:31,2023-05-11,17:09:07,Tezpur,All Occasions
566,C054,42,4,2023-05-12,12:48:03,2023-05-14,20:36:32,Patna,All Occasions
585,C013,63,5,2023-04-26,18:32:41,2023-05-01,01:52:06,Bhubaneswar,All Occasions
591,C002,31,3,2023-07-06,12:56:00,2023-07-14,00:00:51,Surat,All Occasions
604,C069,39,3,2023-01-31,19:54:56,2023-02-03,21:24:38,Tadipatri,All Occasions
610,C068,5,3,2023-01-03,17:25:41,2023-01-05,00:11:36,Sirsa,All Occasions
632,C075,51,1,2023-07-11,22:35:01,2023-07-12,11:32:50,Adoni,All Occasions
638,C060,39,1,2023-04-23,02:13:33,2023-04-27,02:51:20,Mira-Bhayandar,All Occasions
661,C018,22,2,2023-01-14,23:51:27,2023-01-19,09:50:46,Guwahati,All Occasions
671,C059,31,4,2023-12-03,06:54:18,2023-12-07,23:16:19,Karnal,All Occasions
678,C020,31,5,2023-09-10,14:23:59,2023-09-20,10:13:07,Jalna,All Occasions
685,C054,22,1,2023-09-01,21:04:40,2023-09-11,08:30:45,Sikar,All Occasions
699,C011,1,4,2023-06-02,12:14:44,2023-06-09,23:09:03,Chittoor,All Occasions
712,C057,65,5,2023-07-11,13:00:12,2023-07-13,06:34:57,Hazaribagh,All Occasions
714,C053,63,2,2023-06-01,19:28:09,2023-06-03,07:54:01,Dhule,All Occasions
720,C045,22,5,2023-12-15,14:42:41,2023-12-20,06:07:08,Vellore,All Occasions
724,C059,51,1,2023-04-08,23:02:18,2023-04-16,08:00:19,Pallavaram,All Occasions
732,C087,1,2,2023-10-16,16:47:12,2023-10-21,18:56:15,Bongaigaon,All Occasions
756,C034,51,4,2023-07-29,18:25:27,2023-08-03,09:56:02,Buxar,All Occasions
766,C077,1,4,2023-07-02,16:28:53,2023-07-07,00:19:44,Hospet,All Occasions
773,C031,39,4,2023-01-07,02:11:24,2023-01-13,23:47:54,Karaikudi,All Occasions
774,C051,65,5,2023-06-17,21:28:21,2023-06-27,03:01:20,Begusarai,All Occasions
782,C087,22,4,2023-04-18,05:41:20,2023-04-26,19:25:29,Shimoga,All Occasions
791,C093,51,2,2023-05-06,02:29:51,2023-05-09,06:53:48,Bhubaneswar,All Occasions
829,C020,42,4,2023-12-19,18:35:41,2023-12-26,10:18:04,Visakhapatnam,All Occasions
844,C067,51,1,2023-10-09,19:12:55,2023-10-10,09:48:27,Satara,All Occasions
853,C050,51,3,2023-09-17,21:14:53,2023-09-23,14:27:28,Jorhat,All Occasions
885,C084,42,2,2023-10-17,19:52:58,2023-10-21,18:46:10,Pudukkottai,All Occasions
887,C091,51,3,2023-06-29,17:20:29,2023-06-30,09:55:50,Visakhapatnam,All Occasions
899,C011,63,1,2023-12-17,21:29:55,2023-12-24,00:16:41,Bijapur,All Occasions
903,C066,63,2,2023-09-15,17:42:23,2023-09-22,19:28:38,Bhusawal,All Occasions
911,C071,22,4,2023-01-23,05:18:52,2023-01-28,01:35:19,Nangloi Jat,All Occasions
925,C012,31,1,2023-01-08,00:55:51,2023-01-12,06:39:07,Pallavaram,All Occasions
932,C038,63,2,2023-10-29,16:32:30,2023-11-02,22:17:11,Durgapur,All Occasions
942,C024,51,1,2023-12-23,04:59:43,2023-12-26,15:56:22,Surat,All Occasions
950,C014,39,3,2023-10-16,19:31:00,2023-10-18,21:09:20,Tiruchirappalli,All Occasions
985,C070,31,4,2023-10-05,11:27:20,2023-10-13,16:53:35,Ludhiana,All Occasions
987,C018,65,3,2023-12-20,09:13:17,2023-12-25,04:10:09,Bulandshahr,All Occasions
990,C021,42,2,2023-12-04,22:20:00,2023-12-08,23:57:55,Amritsar,All Occasions
4,C012,14,5,2023-07-10,04:44:29,2023-07-19,06:33:23,Guwahati,Birthday
44,C006,14,1,2023-07-17,21:57:56,2023-07-27,10:48:09,Bhavnagar,Birthday
7,C009,45,2,2023-05-08,01:45:13,2023-05-13,10:07:17,Nanded,Birthday
29,C064,10,5,2023-09-22,01:06:22,2023-10-01,14:29:16,Kollam,Birthday
67,C047,10,2,2023-07-06,17:28:21,2023-07-14,21:11:01,Thrissur,Birthday
12,C097,38,3,2023-07-12,08:28:56,2023-07-20,23:34:57,Karnal,Birthday
58,C077,36,1,2023-01-06,02:51:30,2023-01-15,08:26:18,Amravati,Birthday
92,C100,18,5,2023-05-15,00:11:18,2023-05-25,11:17:55,Rohtak,Birthday
93,C047,24,4,2023-05-01,17:50:59,2023-05-03,18:35:56,Warangal,Birthday
95,C039,70,4,2023-05-29,07:54:41,2023-06-03,07:16:33,Narasaraopet,Birthday
101,C064,70,4,2023-06-19,03:56:52,2023-06-21,06:18:37,Belgaum,Birthday
102,C081,10,3,2023-10-28,19:34:14,2023-11-06,07:06:35,Ozhukarai,Birthday
115,C095,57,1,2023-04-28,18:11:22,2023-05-05,11:36:31,Jhansi,Birthday
122,C083,24,5,2023-10-03,09:04:23,2023-10-13,03:15:14,Gulbarga,Birthday
123,C026,38,1,2023-01-15,00:31:09,2023-01-25,04:58:43,Malegaon,Birthday
130,C070,10,5,2023-04-22,13:32:41,2023-04-27,22:01:54,Darbhanga,Birthday
148,C046,24,3,2023-12-05,02:09:08,2023-12-07,08:57:38,Gopalpur,Birthday
160,C037,36,3,2023-06-02,00:28:57,2023-06-10,07:52:59,Moradabad,Birthday
164,C063,14,5,2023-04-25,02:04:02,2023-04-27,11:49:33,Berhampore,Birthday
185,C068,18,1,2023-05-07,07:10:45,2023-05-17,20:00:43,Raurkela Industrial Township,Birthday
191,C012,24,3,2023-10-12,18:13:06,2023-10-17,08:50:02,Etawah,Birthday
202,C089,36,5,2023-07-27,08:13:48,2023-08-01,03:02:01,Bhimavaram,Birthday
204,C062,10,4,2023-07-03,10:46:43,2023-07-09,06:29:03,Jaipur,Birthday
208,C001,18,5,2023-04-02,04:30:47,2023-04-12,07:06:36,Kulti,Birthday
209,C071,70,2,2023-06-22,00:44:32,2023-06-23,21:44:32,Hajipur,Birthday
210,C095,32,4,2023-12-10,00:46:32,2023-12-15,08:02:35,Aligarh,Birthday
226,C064,14,2,2023-09-08,08:48:50,2023-09-12,11:20:36,Hospet,Birthday
227,C004,24,4,2023-12-25,18:50:42,2023-12-26,14:09:44,Surat,Birthday
249,C003,14,2,2023-09-10,22:22:16,2023-09-19,23:17:36,Bareilly,Birthday
255,C092,45,2,2023-12-27,03:42:35,2024-01-06,09:23:14,Suryapet,Birthday
266,C038,36,1,2023-05-12,13:46:56,2023-05-13,19:20:09,Sonipat,Birthday
269,C024,36,1,2023-10-25,01:12:12,2023-10-26,17:58:13,Raebareli,Birthday
271,C039,36,5,2023-06-23,18:27:42,2023-06-30,18:20:05,Patna,Birthday
295,C079,18,1,2023-05-29,15:54:09,2023-06-02,10:06:42,Tadepalligudem,Birthday
296,C081,70,5,2023-04-01,11:55:14,2023-04-11,19:33:46,Tirunelveli,Birthday
337,C008,24,3,2023-05-16,14:21:12,2023-05-22,20:26:13,Siwan,Birthday
340,C076,38,3,2023-07-14,07:53:01,2023-07-22,02:56:01,Davanagere,Birthday
345,C056,45,4,2023-09-15,15:40:42,2023-09-23,23:11:31,Bellary,Birthday
355,C099,10,1,2023-12-24,04:52:44,2024-01-02,09:38:33,Satara,Birthday
356,C028,14,1,2023-07-08,00:41:40,2023-07-09,04:31:42,Panvel,Birthday
376,C097,10,2,2023-05-14,20:18:32,2023-05-19,23:48:02,Bulandshahr,Birthday
382,C003,24,1,2023-06-03,10:02:19,2023-06-13,21:53:48,Kamarhati,Birthday
400,C083,45,3,2023-05-07,14:05:01,2023-05-15,18:10:53,Kumbakonam,Birthday
403,C075,57,1,2023-01-06,11:45:28,2023-01-16,20:13:26,Chapra,Birthday
410,C025,24,1,2023-01-01,20:20:49,2023-01-02,05:57:06,Surendranagar Dudhrej,Birthday
415,C065,14,4,2023-06-08,20:08:30,2023-06-10,01:20:56,Hajipur,Birthday
428,C038,10,2,2023-12-06,03:32:38,2023-12-12,19:37:01,Khora,Birthday
452,C045,70,3,2023-07-09,19:57:29,2023-07-17,11:42:18,Mahbubnagar,Birthday
458,C054,32,2,2023-07-19,17:21:30,2023-07-24,20:32:44,Ramgarh,Birthday
463,C078,18,3,2023-09-24,22:23:47,2023-09-30,00:52:03,Hazaribagh,Birthday
464,C014,18,3,2023-07-05,03:04:25,2023-07-08,13:38:45,Buxar,Birthday
486,C030,24,1,2023-07-25,14:34:30,2023-07-30,16:58:35,Ambattur,Birthday
505,C028,45,3,2023-06-02,13:19:25,2023-06-05,01:59:32,Allahabad,Birthday
514,C090,24,1,2023-01-01,09:56:10,2023-01-09,17:56:52,Allahabad,Birthday
515,C078,14,5,2023-10-21,23:22:39,2023-10-27,14:59:49,Unnao,Birthday
518,C045,45,3,2023-04-09,04:46:41,2023-04-15,19:40:46,Ahmednagar,Birthday
520,C026,14,5,2023-04-07,04:43:51,2023-04-08,08:21:40,Mysore,Birthday
533,C006,14,3,2023-04-18,07:19:52,2023-04-20,17:43:45,Raurkela Industrial Township,Birthday
538,C097,24,5,2023-05-18,13:09:06,2023-05-19,22:36:16,Ghaziabad,Birthday
559,C084,45,1,2023-12-19,16:37:11,2023-12-26,18:35:43,Mau,Birthday
568,C056,10,1,2023-06-29,20:55:39,2023-07-08,13:16:14,Bhubaneswar,Birthday
578,C008,18,4,2023-07-31,18:27:40,2023-08-06,16:43:25,Warangal,Birthday
580,C093,24,4,2023-06-16,22:03:12,2023-06-20,12:25:42,Bhatpara,Birthday
581,C082,18,2,2023-07-02,02:08:23,2023-07-11,14:56:59,Anand,Birthday
605,C068,45,2,2023-12-21,22:21:06,2023-12-25,20:49:33,Kakinada,Birthday
631,C044,32,4,2023-04-13,21:41:50,2023-04-17,03:45:03,Gopalpur,Birthday
634,C038,57,3,2023-05-07,06:36:16,2023-05-11,13:43:49,Fatehpur,Birthday
639,C098,24,1,2023-05-26,02:36:31,2023-05-31,03:18:25,Amaravati,Birthday
646,C015,38,5,2023-05-13,16:30:10,2023-05-23,09:16:58,Morbi,Birthday
664,C023,24,2,2023-01-18,11:54:34,2023-01-28,20:22:08,Hajipur,Birthday
684,C029,70,3,2023-09-17,01:33:50,2023-09-25,02:44:39,Tumkur,Birthday
715,C069,38,4,2023-04-14,05:16:43,2023-04-21,16:39:31,Tenali,Birthday
719,C092,57,3,2023-07-12,07:44:51,2023-07-19,01:51:24,Phagwara,Birthday
733,C060,32,3,2023-04-01,00:51:37,2023-04-03,02:26:43,Ludhiana,Birthday
736,C008,70,5,2023-05-02,03:47:04,2023-05-11,04:38:44,Ghaziabad,Birthday
739,C094,24,5,2023-01-30,09:43:50,2023-02-03,10:33:33,Berhampur,Birthday
744,C023,45,4,2023-10-13,17:53:21,2023-10-14,08:02:05,Junagadh,Birthday
760,C043,18,1,2023-09-19,02:28:05,2023-09-21,13:29:38,Ghaziabad,Birthday
761,C008,24,5,2023-04-18,03:25:13,2023-04-25,11:53:46,Ambala,Birthday
799,C084,32,5,2023-10-22,01:50:09,2023-11-01,20:22:26,Patna,Birthday
800,C014,24,5,2023-06-17,21:50:22,2023-06-21,07:12:59,Machilipatnam,Birthday
805,C028,24,3,2023-06-11,14:39:08,2023-06-14,18:07:19,Bareilly,Birthday
810,C059,24,3,2023-12-15,05:57:14,2023-12-17,12:05:52,New Delhi,Birthday
811,C020,14,5,2023-10-18,12:04:11,2023-10-25,21:55:52,Bellary,Birthday
813,C094,32,4,2023-01-19,08:53:43,2023-01-23,22:01:01,Bhind,Birthday
835,C089,32,2,2023-07-05,17:35:53,2023-07-06,23:34:11,Cuttack,Birthday
837,C036,14,5,2023-12-19,12:57:12,2023-12-21,00:00:36,Raebareli,Birthday
845,C032,57,5,2023-10-17,18:51:16,2023-10-25,02:55:03,Hospet,Birthday
860,C064,14,1,2023-01-10,19:29:59,2023-01-13,13:30:30,Adoni,Birthday
883,C041,36,4,2023-07-16,19:44:04,2023-07-17,21:03:02,Shahjahanpur,Birthday
900,C027,57,3,2023-04-07,15:09:00,2023-04-15,08:30:53,Sagar,Birthday
920,C026,45,1,2023-06-29,20:23:05,2023-07-08,23:41:37,Gorakhpur,Birthday
931,C053,14,1,2023-04-17,19:48:12,2023-04-19,10:25:35,Mahbubnagar,Birthday
940,C082,57,4,2023-01-11,23:38:25,2023-01-12,04:04:53,Orai,Birthday
941,C058,18,4,2023-05-19,09:16:07,2023-05-22,10:28:01,Bidar,Birthday
945,C038,18,2,2023-07-30,12:00:02,2023-08-06,12:44:49,Raebareli,Birthday
947,C100,38,3,2023-10-06,19:16:19,2023-10-08,23:24:47,Nadiad,Birthday
955,C015,24,4,2023-06-03,00:30:48,2023-06-07,09:07:26,Singrauli,Birthday
964,C098,32,4,2023-10-19,06:39:41,2023-10-23,22:22:39,Jammu,Birthday
995,C089,57,2,2023-07-20,00:40:38,2023-07-27,11:42:03,Muzaffarnagar,Birthday
3,C029,67,5,2023-07-14,19:12:03,2023-07-19,17:39:00,Bilaspur,Anniversary
33,C047,8,3,2023-04-15,01:37:27,2023-04-25,02:13:27,Amroha,Anniversary
23,C041,12,3,2023-05-05,05:28:33,2023-05-06,12:12:24,Ludhiana,Anniversary
69,C091,12,4,2023-09-02,19:21:41,2023-09-08,09:30:02,Hyderabad,Anniversary
34,C071,17,2,2023-10-01,22:58:15,2023-10-05,05:36:46,Tirupati,Anniversary
70,C037,17,1,2023-09-28,04:21:09,2023-10-03,11:44:33,Vijayanagaram,Anniversary
18,C072,23,4,2023-12-10,10:46:15,2023-12-11,00:20:29,Moradabad,Anniversary
30,C044,23,4,2023-01-13,09:23:33,2023-01-15,13:36:58,Bulandshahr,Anniversary
25,C091,30,3,2023-07-21,10:46:57,2023-07-24,14:28:42,Panipat,Anniversary
54,C059,30,1,2023-04-13,09:55:01,2023-04-23,14:30:59,Ratlam,Anniversary
64,C015,25,1,2023-06-12,02:48:39,2023-06-15,22:05:41,Chittoor,Anniversary
41,C047,54,4,2023-06-08,19:19:50,2023-06-10,14:29:42,Saharsa,Anniversary
65,C033,54,2,2023-09-01,13:02:28,2023-09-11,06:33:52,Berhampur,Anniversary
45,C097,61,5,2023-04-28,14:26:26,2023-04-29,06:16:36,Haldia,Anniversary
79,C010,40,2,2023-06-01,17:29:30,2023-06-11,07:34:53,Varanasi,Anniversary
88,C008,15,4,2023-12-22,10:02:31,2024-01-01,12:17:55,Avadi,Anniversary
98,C031,8,1,2023-10-30,15:26:00,2023-11-01,16:34:28,Bulandshahr,Anniversary
111,C009,8,3,2023-06-21,14:18:57,2023-06-25,21:03:57,Ramgarh,Anniversary
120,C050,61,1,2023-12-25,22:26:37,2023-12-31,09:57:24,Kalyan-Dombivli,Anniversary
124,C030,67,4,2023-07-21,08:44:55,2023-07-23,05:23:44,Bhilwara,Anniversary
135,C087,30,2,2023-12-13,10:20:09,2023-12-14,15:43:20,Bokaro,Anniversary
136,C036,56,1,2023-09-05,16:08:59,2023-09-09,22:12:18,Guna,Anniversary
139,C055,54,4,2023-05-11,04:14:45,2023-05-16,18:12:44,Amritsar,Anniversary
142,C029,23,2,2023-10-23,02:31:13,2023-10-27,04:24:16,Bharatpur,Anniversary
155,C023,23,3,2023-05-01,14:46:58,2023-05-06,00:00:30,Sambhal,Anniversary
171,C071,54,3,2023-06-30,11:47:49,2023-07-08,12:27:06,Tiruvottiyur,Anniversary
186,C048,61,1,2023-05-09,09:09:44,2023-05-11,00:16:23,Kollam,Anniversary
195,C037,67,5,2023-04-10,05:33:53,2023-04-17,07:51:40,Jamalpur,Anniversary
200,C067,23,5,2023-01-03,20:04:16,2023-01-08,23:18:52,Agartala,Anniversary
205,C022,46,5,2023-07-06,05:17:21,2023-07-09,11:47:12,Davanagere,Anniversary
215,C098,17,1,2023-05-21,03:54:26,2023-05-24,12:37:34,Katni,Anniversary
216,C004,23,1,2023-10-03,15:46:35,2023-10-08,20:46:28,Bhatpara,Anniversary
236,C044,23,5,2023-09-03,06:33:52,2023-09-11,02:10:18,Panvel,Anniversary
241,C067,20,2,2023-09-05,09:52:16,2023-09-07,08:58:21,Indore,Anniversary
247,C052,23,4,2023-10-11,05:58:48,2023-10-16,02:58:46,Gudivada,Anniversary
258,C044,46,5,2023-04-16,05:40:39,2023-04-20,20:05:32,Vijayawada,Anniversary
272,C016,12,1,2023-04-08,09:40:05,2023-04-18,20:13:56,Kumbakonam,Anniversary
276,C065,15,2,2023-05-28,01:34:06,2023-06-01,07:05:33,Muzaffarpur,Anniversary
281,C008,15,3,2023-09-21,20:36:47,2023-09-25,10:27:14,Nellore,Anniversary
292,C053,54,1,2023-09-27,22:43:35,2023-10-03,01:44:47,Howrah,Anniversary
302,C071,25,4,2023-10-24,13:53:05,2023-10-25,17:13:25,Dhanbad,Anniversary
313,C056,30,2,2023-07-22,19:24:29,2023-07-26,06:06:13,Thane,Anniversary
322,C056,15,1,2023-04-11,08:32:11,2023-04-15,03:30:27,Udaipur,Anniversary
328,C024,23,3,2023-04-17,17:51:38,2023-04-22,08:59:18,Maheshtala,Anniversary
332,C052,20,5,2023-04-11,20:14:13,2023-04-18,14:10:44,Khammam,Anniversary
339,C083,8,1,2023-09-20,20:07:19,2023-09-29,10:50:19,Sirsa,Anniversary
365,C028,8,5,2023-06-01,15:31:47,2023-06-04,10:15:29,Agra,Anniversary
370,C073,54,2,2023-07-09,05:57:39,2023-07-13,19:01:40,Danapur,Anniversary
371,C090,23,4,2023-05-15,01:27:58,2023-05-19,10:28:47,Davanagere,Anniversary
381,C013,25,3,2023-01-25,18:30:03,2023-01-28,06:21:06,Tiruchirappalli,Anniversary
384,C004,25,3,2023-05-11,16:57:57,2023-05-15,13:57:13,Bhilai,Anniversary
398,C080,54,1,2023-05-05,08:45:21,2023-05-15,10:01:43,Dehradun,Anniversary
412,C081,67,2,2023-10-28,09:28:24,2023-10-31,23:14:27,Maheshtala,Anniversary
425,C071,56,1,2023-09-30,00:02:06,2023-10-09,22:59:28,North Dumdum,Anniversary
432,C092,12,4,2023-01-05,12:09:27,2023-01-13,19:40:38,Ballia,Anniversary
436,C058,8,1,2023-01-27,06:08:00,2023-02-03,08:15:49,Salem,Anniversary
439,C037,12,3,2023-12-13,08:56:11,2023-12-22,12:51:06,Hyderabad,Anniversary
445,C047,30,5,2023-06-14,20:08:42,2023-06-15,14:22:27,Karnal,Anniversary
461,C083,12,4,2023-06-22,08:12:37,2023-06-27,14:52:56,Srinagar,Anniversary
466,C053,23,1,2023-10-03,13:58:22,2023-10-11,09:59:41,Bally,Anniversary
471,C092,23,2,2023-01-31,12:09:01,2023-02-10,05:50:06,Tirunelveli,Anniversary
472,C015,56,1,2023-12-24,07:32:38,2023-12-30,22:46:18,Khammam,Anniversary
475,C099,46,2,2023-12-04,07:21:23,2023-12-08,13:32:22,Jalgaon,Anniversary
476,C067,40,2,2023-09-18,01:17:18,2023-09-20,17:53:14,Moradabad,Anniversary
482,C050,23,3,2023-06-05,20:33:38,2023-06-14,20:56:35,Ludhiana,Anniversary
491,C095,30,1,2023-10-24,06:14:34,2023-11-02,22:59:20,Muzaffarnagar,Anniversary
500,C013,61,2,2023-06-29,10:07:52,2023-07-05,12:14:25,Bongaigaon,Anniversary
501,C066,46,2,2023-09-02,16:27:41,2023-09-08,07:33:36,Navi Mumbai,Anniversary
504,C058,25,1,2023-07-14,13:04:42,2023-07-24,05:20:36,Meerut,Anniversary
510,C017,54,5,2023-12-08,13:00:05,2023-12-17,06:14:47,Panipat,Anniversary
523,C071,30,3,2023-07-02,13:37:08,2023-07-09,15:38:36,Muzaffarpur,Anniversary
532,C036,30,5,2023-09-02,13:25:06,2023-09-10,02:55:07,Bharatpur,Anniversary
535,C017,25,3,2023-07-08,21:59:28,2023-07-11,06:30:40,Saharsa,Anniversary
539,C056,20,3,2023-06-09,15:39:18,2023-06-16,14:17:05,Jehanabad,Anniversary
542,C051,54,5,2023-07-07,19:41:20,2023-07-12,09:52:12,Satara,Anniversary
547,C088,30,5,2023-01-10,02:30:12,2023-01-19,13:56:41,Ahmedabad,Anniversary
551,C088,67,1,2023-04-19,20:43:42,2023-04-23,15:25:04,Kurnool,Anniversary
555,C100,56,4,2023-06-28,12:05:43,2023-06-30,17:58:12,Ratlam,Anniversary
556,C073,17,1,2023-12-13,15:34:22,2023-12-21,15:49:48,Cuttack,Anniversary
564,C007,40,1,2023-04-07,00:40:20,2023-04-15,06:06:57,Gandhinagar,Anniversary
572,C060,25,5,2023-06-04,15:48:37,2023-06-10,10:11:48,Kamarhati,Anniversary
577,C008,20,4,2023-10-28,14:51:26,2023-11-05,18:50:45,Hazaribagh,Anniversary
583,C025,56,4,2023-09-18,16:47:25,2023-09-22,19:58:33,Hosur,Anniversary
589,C093,40,3,2023-12-09,21:23:17,2023-12-19,01:21:34,Lucknow,Anniversary
590,C006,23,2,2023-01-19,21:36:21,2023-01-23,05:53:50,Durg,Anniversary
594,C060,20,2,2023-05-26,21:26:03,2023-06-01,04:59:28,Varanasi,Anniversary
603,C079,8,3,2023-05-29,05:23:57,2023-06-07,15:14:45,Tiruvottiyur,Anniversary
609,C024,25,5,2023-10-27,11:08:56,2023-10-28,23:46:55,Hazaribagh,Anniversary
620,C074,67,3,2023-07-11,22:23:01,2023-07-18,01:24:50,Chapra,Anniversary
626,C024,40,5,2023-09-23,15:12:58,2023-09-27,08:14:22,Bellary,Anniversary
641,C063,15,4,2023-05-18,23:59:56,2023-05-26,19:14:55,South Dumdum,Anniversary
644,C050,67,1,2023-09-01,14:54:36,2023-09-11,11:21:18,Parbhani,Anniversary
663,C094,15,2,2023-10-11,14:47:08,2023-10-12,22:32:05,Hosur,Anniversary
670,C057,23,5,2023-06-01,05:47:59,2023-06-10,05:09:00,Bhopal,Anniversary
679,C019,56,2,2023-10-05,17:29:19,2023-10-14,12:58:06,Durg,Anniversary
680,C018,56,1,2023-12-02,22:20:31,2023-12-08,02:33:10,Avadi,Anniversary
681,C098,23,5,2023-01-29,10:08:06,2023-02-05,12:01:28,Nashik,Anniversary
688,C015,54,2,2023-01-28,19:02:07,2023-01-30,13:51:22,Lucknow,Anniversary
694,C018,23,2,2023-04-15,19:26:27,2023-04-21,16:58:51,Kozhikode,Anniversary
706,C091,67,2,2023-04-26,05:35:11,2023-05-04,13:13:10,Madurai,Anniversary
710,C087,54,5,2023-05-22,01:33:03,2023-05-29,01:43:52,Jalna,Anniversary
717,C059,67,5,2023-06-25,06:18:32,2023-06-26,23:20:48,Yamunanagar,Anniversary
737,C068,46,5,2023-09-14,07:35:50,2023-09-17,13:37:05,Bhilwara,Anniversary
749,C099,12,2,2023-06-19,13:13:17,2023-06-24,03:37:13,Nanded,Anniversary
751,C084,23,5,2023-04-10,07:12:34,2023-04-15,01:52:34,Gandhidham,Anniversary
758,C043,40,5,2023-10-16,09:12:26,2023-10-20,03:46:58,Ajmer,Anniversary
770,C080,25,3,2023-05-29,00:20:57,2023-06-07,09:39:12,Pallavaram,Anniversary
778,C033,61,4,2023-05-10,03:58:40,2023-05-13,11:57:17,Raebareli,Anniversary
781,C084,40,2,2023-09-27,15:26:58,2023-10-05,19:39:28,Muzaffarnagar,Anniversary
784,C042,56,2,2023-06-02,08:25:52,2023-06-07,06:16:19,Bhalswa Jahangir Pur,Anniversary
796,C002,61,4,2023-05-05,07:53:26,2023-05-14,08:08:25,Rajkot,Anniversary
798,C043,30,5,2023-12-17,17:35:18,2023-12-26,01:52:09,Sultan Pur Majra,Anniversary
812,C058,40,2,2023-12-12,17:19:49,2023-12-14,01:28:32,Ongole,Anniversary
815,C098,61,3,2023-09-29,07:08:13,2023-10-08,14:46:18,Bhatpara,Anniversary
824,C097,46,4,2023-05-06,07:56:11,2023-05-07,15:23:52,Muzaffarpur,Anniversary
825,C044,25,5,2023-06-30,10:50:24,2023-07-01,18:08:04,Nellore,Anniversary
828,C044,8,3,2023-10-24,16:47:01,2023-11-01,22:18:58,Gwalior,Anniversary
830,C007,46,2,2023-01-12,19:18:53,2023-01-15,05:04:21,Indore,Anniversary
831,C079,56,5,2023-05-24,18:41:33,2023-06-03,19:06:17,Rajahmundry,Anniversary
840,C031,67,2,2023-01-13,19:19:35,2023-01-16,11:50:30,Tirunelveli,Anniversary
842,C085,46,2,2023-12-29,17:11:33,2024-01-01,02:27:46,Kulti,Anniversary
863,C099,20,3,2023-06-05,09:28:04,2023-06-15,03:13:05,Jehanabad,Anniversary
871,C062,15,1,2023-06-11,06:05:30,2023-06-15,20:56:56,Secunderabad,Anniversary
894,C092,54,4,2023-10-14,14:05:43,2023-10-21,23:10:21,Proddatur,Anniversary
896,C053,46,1,2023-04-05,04:13:55,2023-04-10,12:50:15,Haldia,Anniversary
907,C046,30,2,2023-04-19,21:36:41,2023-04-25,11:12:03,Burhanpur,Anniversary
913,C092,56,5,2023-12-10,18:39:24,2023-12-12,05:37:07,Bharatpur,Anniversary
917,C052,12,3,2023-01-24,05:56:54,2023-01-29,11:04:23,Bareilly,Anniversary
921,C078,23,4,2023-09-18,13:52:40,2023-09-23,07:22:26,Ghaziabad,Anniversary
922,C009,23,1,2023-12-14,09:16:24,2023-12-18,08:03:37,Mahbubnagar,Anniversary
930,C083,61,3,2023-06-03,15:52:31,2023-06-07,19:41:15,Gangtok,Anniversary
946,C050,17,4,2023-12-02,11:07:29,2023-12-09,17:43:17,Ratlam,Anniversary
953,C076,40,1,2023-09-03,00:26:01,2023-09-04,07:33:50,Varanasi,Anniversary
957,C038,23,1,2023-12-15,01:56:38,2023-12-17,21:07:55,Kanpur,Anniversary
959,C098,40,1,2023-12-21,01:54:46,2023-12-26,21:05:45,Raebareli,Anniversary
962,C028,17,5,2023-09-29,11:55:53,2023-10-01,16:15:08,Kalyan-Dombivli,Anniversary
970,C020,54,4,2023-04-13,03:26:33,2023-04-21,21:37:17,Siliguri,Anniversary
972,C026,30,2,2023-04-30,01:34:34,2023-05-02,05:27:14,Ujjain,Anniversary
976,C017,17,2,2023-05-19,07:11:09,2023-05-20,08:38:28,Raichur,Anniversary
980,C067,12,5,2023-09-21,20:35:26,2023-09-30,00:43:39,Bijapur,Anniversary
981,C014,46,2,2023-04-02,20:01:08,2023-04-03,20:21:37,Dehradun,Anniversary
993,C082,61,5,2023-10-08,21:34:06,2023-10-14,15:55:58,Kishanganj,Anniversary
996,C077,25,5,2023-05-13,06:55:09,2023-05-19,05:41:20,Faridabad,Anniversary
